ct_id,ctuid,dguid,geo_name,census_year,land_area_km2,population_total,population_18plus,citizen_canadian_18plus_count
5350001.00,5350001.00,2021S05075350001.00,1,2021,6.82,599,480,430
5350002.00,5350002.00,2021S05075350002.00,2,2021,3.39,604,555,535
5350003.00,5350003.00,2021S05075350003.00,3,2021,0.95,457,410,350
5350004.00,5350004.00,2021S05075350004.00,4,2021,0.34,6306,5595,4275
5350005.00,5350005.00,2021S05075350005.00,5,2021,0.38,6957,6190,5040
5350006.00,5350006.00,2021S05075350006.00,6,2021,0.01,119,120,
5350007.01,5350007.01,2021S05075350007.01,7.01,2021,0.2,3402,3055,2250
5350007.02,5350007.02,2021S05075350007.02,7.02,2021,0.43,4422,3955,3075
5350008.01,5350008.01,2021S05075350008.01,8.01,2021,0.31,8480,8055,6500
5350008.02,5350008.02,2021S05075350008.02,8.02,2021,1.92,11591,10690,8605
5350009.00,5350009.00,2021S05075350009.00,9,2021,0.1,520,490,205
5350010.01,5350010.01,2021S05075350010.01,10.01,2021,0.25,5611,5045,4540
5350010.02,5350010.02,2021S05075350010.02,10.02,2021,0.54,7468,6820,5690
5350011.01,5350011.01,2021S05075350011.01,11.01,2021,0.46,9592,9070,7455
5350011.02,5350011.02,2021S05075350011.02,11.02,2021,0.29,9746,9375,6795
5350011.03,5350011.03,2021S05075350011.03,11.03,2021,0.23,6391,6065,3990
5350012.01,5350012.01,2021S05075350012.01,12.01,2021,0.43,13554,12270,8265
5350012.03,5350012.03,2021S05075350012.03,12.03,2021,0.47,8957,8320,5605
5350012.04,5350012.04,2021S05075350012.04,12.04,2021,0.24,5688,5380,3725
5350013.01,5350013.01,2021S05075350013.01,13.01,2021,0.34,6820,6350,4990
5350013.02,5350013.02,2021S05075350013.02,13.02,2021,0.42,10439,9655,6845
5350014.00,5350014.00,2021S05075350014.00,14,2021,0.47,2382,2230,1470
5350015.00,5350015.00,2021S05075350015.00,15,2021,0.29,4922,4610,3710
5350016.00,5350016.00,2021S05075350016.00,16,2021,0.63,11144,10325,8590
5350017.01,5350017.01,2021S05075350017.01,17.01,2021,0.8,4787,4350,3595
5350017.02,5350017.02,2021S05075350017.02,17.02,2021,0.57,8710,7825,6455
5350018.00,5350018.00,2021S05075350018.00,18,2021,0.35,3633,3190,2855
5350019.00,5350019.00,2021S05075350019.00,19,2021,0.25,3269,2735,2435
5350020.00,5350020.00,2021S05075350020.00,20,2021,0.73,2298,1850,1830
5350021.00,5350021.00,2021S05075350021.00,21,2021,0.91,5192,4330,3955
5350022.00,5350022.00,2021S05075350022.00,22,2021,0.55,3847,2950,2765
5350023.00,5350023.00,2021S05075350023.00,23,2021,0.69,3374,2695,2565
5350024.00,5350024.00,2021S05075350024.00,24,2021,0.71,6891,5400,4935
5350025.00,5350025.00,2021S05075350025.00,25,2021,0.53,3553,2835,2560
5350026.00,5350026.00,2021S05075350026.00,26,2021,0.78,6409,5120,4695
5350027.00,5350027.00,2021S05075350027.00,27,2021,0.49,4405,3575,3340
5350028.01,5350028.01,2021S05075350028.01,28.01,2021,0.21,1290,1105,1050
5350028.02,5350028.02,2021S05075350028.02,28.02,2021,0.46,5868,4930,4340
5350029.00,5350029.00,2021S05075350029.00,29,2021,0.68,6722,5685,4835
5350030.00,5350030.00,2021S05075350030.00,30,2021,0.38,6926,5775,5025
5350031.00,5350031.00,2021S05075350031.00,31,2021,0.26,5871,4870,3740
5350032.00,5350032.00,2021S05075350032.00,32,2021,0.42,6042,5525,3995
5350033.00,5350033.00,2021S05075350033.00,33,2021,0.32,5515,4910,3355
5350034.01,5350034.01,2021S05075350034.01,34.01,2021,0.12,5337,5035,3215
5350034.02,5350034.02,2021S05075350034.02,34.02,2021,0.4,7992,7470,5065
5350035.00,5350035.00,2021S05075350035.00,35,2021,0.66,10506,9600,5950
5350036.00,5350036.00,2021S05075350036.00,36,2021,0.38,5685,5300,4260
5350037.00,5350037.00,2021S05075350037.00,37,2021,0.45,4802,4480,2975
5350038.00,5350038.00,2021S05075350038.00,38,2021,0.37,3605,3370,2555
5350039.00,5350039.00,2021S05075350039.00,39,2021,0.32,4505,3995,3225
5350040.00,5350040.00,2021S05075350040.00,40,2021,0.37,4274,3755,2995
5350041.00,5350041.00,2021S05075350041.00,41,2021,0.32,3324,2945,2515
5350042.00,5350042.00,2021S05075350042.00,42,2021,0.49,4423,3875,3340
5350043.00,5350043.00,2021S05075350043.00,43,2021,0.55,3670,3235,2825
5350044.01,5350044.01,2021S05075350044.01,44.01,2021,0.4,5016,4425,3830
5350044.02,5350044.02,2021S05075350044.02,44.02,2021,0.09,4255,3960,3305
5350045.00,5350045.00,2021S05075350045.00,45,2021,0.3,3247,2860,2495
5350046.00,5350046.00,2021S05075350046.00,46,2021,0.42,3151,2680,2320
5350047.02,5350047.02,2021S05075350047.02,47.02,2021,0.29,3511,3000,2595
5350047.03,5350047.03,2021S05075350047.03,47.03,2021,0.12,1014,885,895
5350047.04,5350047.04,2021S05075350047.04,47.04,2021,0.27,2773,2235,2010
5350048.00,5350048.00,2021S05075350048.00,48,2021,0.33,3353,2725,2395
5350049.00,5350049.00,2021S05075350049.00,49,2021,0.47,3351,2795,2445
5350050.01,5350050.01,2021S05075350050.01,50.01,2021,1.3,8648,7290,6500
5350050.03,5350050.03,2021S05075350050.03,50.03,2021,1.71,1085,930,795
5350050.04,5350050.04,2021S05075350050.04,50.04,2021,0.76,4907,3855,3640
5350051.00,5350051.00,2021S05075350051.00,51,2021,0.69,4979,4075,3605
5350052.00,5350052.00,2021S05075350052.00,52,2021,0.5,4074,3325,3120
5350053.00,5350053.00,2021S05075350053.00,53,2021,0.68,5823,5065,4315
5350054.00,5350054.00,2021S05075350054.00,54,2021,0.7,5453,4755,4125
5350055.00,5350055.00,2021S05075350055.00,55,2021,0.28,2691,2395,2180
5350056.00,5350056.00,2021S05075350056.00,56,2021,0.51,4436,3925,3530
5350057.00,5350057.00,2021S05075350057.00,57,2021,0.27,2287,2030,1810
5350058.00,5350058.00,2021S05075350058.00,58,2021,0.38,3757,3375,2925
5350059.00,5350059.00,2021S05075350059.00,59,2021,0.37,3843,3515,2410
5350060.00,5350060.00,2021S05075350060.00,60,2021,0.27,2550,2310,1960
5350061.00,5350061.00,2021S05075350061.00,61,2021,0.77,1202,1075,460
5350062.01,5350062.01,2021S05075350062.01,62.01,2021,0.11,4843,4500,2835
5350062.03,5350062.03,2021S05075350062.03,62.03,2021,0.46,4224,4005,2515
5350062.04,5350062.04,2021S05075350062.04,62.04,2021,0.12,8524,8070,4845
5350063.03,5350063.03,2021S05075350063.03,63.03,2021,0.09,4869,4620,3260
5350063.04,5350063.04,2021S05075350063.04,63.04,2021,0.14,4778,4570,3590
5350063.05,5350063.05,2021S05075350063.05,63.05,2021,0.13,6551,6225,3815
5350063.06,5350063.06,2021S05075350063.06,63.06,2021,0.19,6217,5900,4065
5350064.00,5350064.00,2021S05075350064.00,64,2021,0.19,4963,4710,3425
5350065.01,5350065.01,2021S05075350065.01,65.01,2021,0.09,2650,2385,1420
5350065.02,5350065.02,2021S05075350065.02,65.02,2021,0.14,11120,9085,6285
5350066.00,5350066.00,2021S05075350066.00,66,2021,0.33,7062,6605,5570
5350067.00,5350067.00,2021S05075350067.00,67,2021,0.65,1692,1430,1280
5350068.00,5350068.00,2021S05075350068.00,68,2021,0.42,2451,2110,1880
5350069.00,5350069.00,2021S05075350069.00,69,2021,0.86,4847,3890,3515
5350070.00,5350070.00,2021S05075350070.00,70,2021,0.44,3302,2795,2515
5350071.00,5350071.00,2021S05075350071.00,71,2021,0.46,3342,2650,2520
5350072.01,5350072.01,2021S05075350072.01,72.01,2021,0.41,4509,3560,3235
5350072.02,5350072.02,2021S05075350072.02,72.02,2021,0.54,2985,2430,2250
5350073.00,5350073.00,2021S05075350073.00,73,2021,0.35,2478,2025,1910
5350074.00,5350074.00,2021S05075350074.00,74,2021,0.39,3723,2950,2730
5350075.00,5350075.00,2021S05075350075.00,75,2021,0.51,4014,3210,2785
5350076.00,5350076.00,2021S05075350076.00,76,2021,0.47,4237,3355,3040
5350077.00,5350077.00,2021S05075350077.00,77,2021,0.6,4493,3395,3170
5350078.00,5350078.00,2021S05075350078.00,78,2021,0.76,6282,5105,4595
5350079.00,5350079.00,2021S05075350079.00,79,2021,1,7424,5635,5145
5350080.01,5350080.01,2021S05075350080.01,80.01,2021,0.48,3707,3015,2795
5350080.02,5350080.02,2021S05075350080.02,80.02,2021,0.4,4642,3870,3105
5350081.00,5350081.00,2021S05075350081.00,81,2021,0.37,2848,2235,2025
5350082.00,5350082.00,2021S05075350082.00,82,2021,0.31,2647,2050,1905
5350083.00,5350083.00,2021S05075350083.00,83,2021,0.45,3869,3265,2915
5350084.00,5350084.00,2021S05075350084.00,84,2021,0.41,3552,2810,2720
5350085.00,5350085.00,2021S05075350085.00,85,2021,0.49,4160,3575,3185
5350086.00,5350086.00,2021S05075350086.00,86,2021,1.14,2528,1965,1850
5350087.00,5350087.00,2021S05075350087.00,87,2021,1.6,4814,4190,3935
5350088.00,5350088.00,2021S05075350088.00,88,2021,0.23,3127,2905,2280
5350089.00,5350089.00,2021S05075350089.00,89,2021,0.33,5349,5030,3640
5350090.00,5350090.00,2021S05075350090.00,90,2021,0.39,4020,3685,3245
5350091.01,5350091.01,2021S05075350091.01,91.01,2021,0.51,5739,5360,4160
5350091.02,5350091.02,2021S05075350091.02,91.02,2021,0.32,3421,3115,2650
5350092.00,5350092.00,2021S05075350092.00,92,2021,0.63,6818,6085,5245
5350093.00,5350093.00,2021S05075350093.00,93,2021,0.62,5358,4505,3770
5350094.00,5350094.00,2021S05075350094.00,94,2021,0.64,4699,4040,3660
5350095.00,5350095.00,2021S05075350095.00,95,2021,0.31,2913,2545,2100
5350096.01,5350096.01,2021S05075350096.01,96.01,2021,0.2,1610,1375,1200
5350096.02,5350096.02,2021S05075350096.02,96.02,2021,0.35,3156,2765,2490
5350097.01,5350097.01,2021S05075350097.01,97.01,2021,0.38,3929,3380,2750
5350097.03,5350097.03,2021S05075350097.03,97.03,2021,0.17,2078,1840,1410
5350097.04,5350097.04,2021S05075350097.04,97.04,2021,0.32,5031,4410,3435
5350098.00,5350098.00,2021S05075350098.00,98,2021,0.72,6976,5785,5130
5350099.00,5350099.00,2021S05075350099.00,99,2021,0.58,6282,5315,4545
5350100.00,5350100.00,2021S05075350100.00,100,2021,0.29,2961,2500,2160
5350101.00,5350101.00,2021S05075350101.00,101,2021,0.43,3246,2740,2615
5350102.02,5350102.02,2021S05075350102.02,102.02,2021,0.12,4561,4105,3285
5350102.03,5350102.03,2021S05075350102.03,102.03,2021,0.13,3576,3165,2565
5350102.04,5350102.04,2021S05075350102.04,102.04,2021,0.1,706,550,515
5350102.05,5350102.05,2021S05075350102.05,102.05,2021,0.12,842,655,540
5350103.00,5350103.00,2021S05075350103.00,103,2021,0.84,6195,5095,4750
5350104.00,5350104.00,2021S05075350104.00,104,2021,0.74,5476,4170,4080
5350105.00,5350105.00,2021S05075350105.00,105,2021,0.55,4318,3470,3190
5350106.00,5350106.00,2021S05075350106.00,106,2021,1.38,3680,3090,2645
5350107.00,5350107.00,2021S05075350107.00,107,2021,0.72,4851,3985,3365
5350108.00,5350108.00,2021S05075350108.00,108,2021,0.74,5829,4805,4135
5350109.00,5350109.00,2021S05075350109.00,109,2021,0.63,5470,4565,3885
5350110.00,5350110.00,2021S05075350110.00,110,2021,0.54,3491,2935,2500
5350111.00,5350111.00,2021S05075350111.00,111,2021,0.45,2442,2025,1695
5350112.00,5350112.00,2021S05075350112.00,112,2021,0.5,4761,3990,3255
5350113.00,5350113.00,2021S05075350113.00,113,2021,0.38,2521,2110,1900
5350114.00,5350114.00,2021S05075350114.00,114,2021,0.62,5164,4350,3755
5350115.00,5350115.00,2021S05075350115.00,115,2021,0.38,4219,3650,3015
5350116.00,5350116.00,2021S05075350116.00,116,2021,0.68,4445,3740,2880
5350117.00,5350117.00,2021S05075350117.00,117,2021,0.4,2518,2150,2005
5350118.00,5350118.00,2021S05075350118.00,118,2021,0.7,3995,3530,3325
5350119.00,5350119.00,2021S05075350119.00,119,2021,0.85,4856,4255,3770
5350120.00,5350120.00,2021S05075350120.00,120,2021,0.26,1418,1125,1045
5350121.00,5350121.00,2021S05075350121.00,121,2021,0.3,3183,2835,2425
5350122.00,5350122.00,2021S05075350122.00,122,2021,0.53,6199,5460,4990
5350123.00,5350123.00,2021S05075350123.00,123,2021,0.08,2377,2145,1545
5350124.00,5350124.00,2021S05075350124.00,124,2021,0.55,5529,4990,4170
5350125.00,5350125.00,2021S05075350125.00,125,2021,1.12,4270,3235,3005
5350126.00,5350126.00,2021S05075350126.00,126,2021,1.45,4164,3185,3060
5350127.00,5350127.00,2021S05075350127.00,127,2021,0.74,5293,4070,3595
5350128.02,5350128.02,2021S05075350128.02,128.02,2021,0.52,12611,11185,7520
5350128.04,5350128.04,2021S05075350128.04,128.04,2021,0.16,4772,4310,3710
5350128.05,5350128.05,2021S05075350128.05,128.05,2021,0.18,1127,1020,715
5350128.06,5350128.06,2021S05075350128.06,128.06,2021,0.09,4870,4340,2670
5350129.00,5350129.00,2021S05075350129.00,129,2021,0.93,5642,4640,4110
5350130.00,5350130.00,2021S05075350130.00,130,2021,1.28,3355,2705,2375
5350131.00,5350131.00,2021S05075350131.00,131,2021,1.04,5258,4340,3740
5350132.00,5350132.00,2021S05075350132.00,132,2021,0.92,5350,4215,3535
5350133.00,5350133.00,2021S05075350133.00,133,2021,0.67,7082,5900,4795
5350134.00,5350134.00,2021S05075350134.00,134,2021,0.42,2911,2200,1955
5350135.00,5350135.00,2021S05075350135.00,135,2021,0.72,6782,5650,4470
5350136.01,5350136.01,2021S05075350136.01,136.01,2021,0.19,7267,6515,4935
5350136.02,5350136.02,2021S05075350136.02,136.02,2021,0.21,8740,7875,4855
5350137.00,5350137.00,2021S05075350137.00,137,2021,0.91,6916,5805,4925
5350138.00,5350138.00,2021S05075350138.00,138,2021,0.97,3010,2395,2235
5350139.01,5350139.01,2021S05075350139.01,139.01,2021,0.77,4316,3505,3025
5350139.02,5350139.02,2021S05075350139.02,139.02,2021,0.51,2440,1870,1755
5350140.00,5350140.00,2021S05075350140.00,140,2021,0.57,2341,1850,1700
5350141.01,5350141.01,2021S05075350141.01,141.01,2021,0.55,4493,3350,3215
5350141.02,5350141.02,2021S05075350141.02,141.02,2021,0.69,4653,3475,3145
5350142.00,5350142.00,2021S05075350142.00,142,2021,1.04,5589,4290,3870
5350150.00,5350150.00,2021S05075350150.00,150,2021,1.07,4210,3255,3090
5350151.00,5350151.00,2021S05075350151.00,151,2021,0.64,3756,2855,2460
5350152.00,5350152.00,2021S05075350152.00,152,2021,0.85,4653,3585,3200
5350153.00,5350153.00,2021S05075350153.00,153,2021,0.93,4460,3750,3355
5350154.00,5350154.00,2021S05075350154.00,154,2021,2.09,6192,5275,4480
5350155.00,5350155.00,2021S05075350155.00,155,2021,0.81,3080,2460,1975
5350156.01,5350156.01,2021S05075350156.01,156.01,2021,0.6,5700,4500,3360
5350156.02,5350156.02,2021S05075350156.02,156.02,2021,0.59,2810,2295,1955
5350157.00,5350157.00,2021S05075350157.00,157,2021,0.46,2716,2175,1605
5350158.00,5350158.00,2021S05075350158.00,158,2021,0.64,3036,2555,2080
5350159.01,5350159.01,2021S05075350159.01,159.01,2021,0.49,3506,2895,2135
5350159.02,5350159.02,2021S05075350159.02,159.02,2021,0.58,4865,4000,3085
5350160.00,5350160.00,2021S05075350160.00,160,2021,0.73,3152,2610,2005
5350161.00,5350161.00,2021S05075350161.00,161,2021,0.81,6885,5675,4435
5350162.00,5350162.00,2021S05075350162.00,162,2021,0.58,4846,4015,3265
5350163.00,5350163.00,2021S05075350163.00,163,2021,0.45,4308,3520,2915
5350164.00,5350164.00,2021S05075350164.00,164,2021,0.63,6002,4885,4025
5350165.00,5350165.00,2021S05075350165.00,165,2021,0.48,4209,3375,3050
5350166.00,5350166.00,2021S05075350166.00,166,2021,0.79,4024,3100,2795
5350167.01,5350167.01,2021S05075350167.01,167.01,2021,0.13,2446,2300,1950
5350167.02,5350167.02,2021S05075350167.02,167.02,2021,0.6,5745,4955,3920
5350168.00,5350168.00,2021S05075350168.00,168,2021,0.57,5674,4765,3860
5350169.01,5350169.01,2021S05075350169.01,169.01,2021,0.38,3587,3040,2275
5350169.02,5350169.02,2021S05075350169.02,169.02,2021,0.44,7596,6365,5045
5350170.00,5350170.00,2021S05075350170.00,170,2021,1.01,3407,2910,2275
5350171.00,5350171.00,2021S05075350171.00,171,2021,0.61,3914,3160,2270
5350172.00,5350172.00,2021S05075350172.00,172,2021,1.21,2505,2000,1525
5350173.00,5350173.00,2021S05075350173.00,173,2021,0.59,3586,2810,2275
5350174.00,5350174.00,2021S05075350174.00,174,2021,1.05,7062,5765,4500
5350175.01,5350175.01,2021S05075350175.01,175.01,2021,0.79,5963,4810,3580
5350175.02,5350175.02,2021S05075350175.02,175.02,2021,0.72,8672,6895,5020
5350176.00,5350176.00,2021S05075350176.00,176,2021,1,4261,3490,3020
5350180.00,5350180.00,2021S05075350180.00,180,2021,0.61,6462,5230,4265
5350181.01,5350181.01,2021S05075350181.01,181.01,2021,0.57,4382,3535,3235
5350181.02,5350181.02,2021S05075350181.02,181.02,2021,0.6,3546,2910,2510
5350182.00,5350182.00,2021S05075350182.00,182,2021,0.76,5407,4240,3995
5350183.01,5350183.01,2021S05075350183.01,183.01,2021,0.52,2623,2105,1895
5350183.02,5350183.02,2021S05075350183.02,183.02,2021,0.43,4035,3150,2840
5350184.01,5350184.01,2021S05075350184.01,184.01,2021,0.47,5008,4065,3670
5350184.02,5350184.02,2021S05075350184.02,184.02,2021,0.56,3671,3060,2650
5350185.01,5350185.01,2021S05075350185.01,185.01,2021,0.5,6836,5725,4755
5350185.02,5350185.02,2021S05075350185.02,185.02,2021,1.19,4244,3615,3165
5350186.00,5350186.00,2021S05075350186.00,186,2021,1.87,2382,1820,1715
5350187.00,5350187.00,2021S05075350187.00,187,2021,1.19,3473,2770,2685
5350188.00,5350188.00,2021S05075350188.00,188,2021,0.55,2031,1630,1475
5350189.00,5350189.00,2021S05075350189.00,189,2021,1.23,5655,4690,3820
5350190.01,5350190.01,2021S05075350190.01,190.01,2021,0.4,8588,6660,4495
5350190.02,5350190.02,2021S05075350190.02,190.02,2021,0.58,4612,3720,2980
5350191.00,5350191.00,2021S05075350191.00,191,2021,0.82,4372,3550,3100
5350192.00,5350192.00,2021S05075350192.00,192,2021,0.92,843,740,670
5350193.00,5350193.00,2021S05075350193.00,193,2021,1.38,3264,2510,2050
5350194.01,5350194.01,2021S05075350194.01,194.01,2021,0.27,7821,4995,3200
5350194.02,5350194.02,2021S05075350194.02,194.02,2021,0.31,4717,3460,2310
5350194.03,5350194.03,2021S05075350194.03,194.03,2021,0.25,2700,2125,1630
5350194.04,5350194.04,2021S05075350194.04,194.04,2021,2.26,5399,4275,3330
5350195.01,5350195.01,2021S05075350195.01,195.01,2021,0.94,4425,3395,3040
5350195.02,5350195.02,2021S05075350195.02,195.02,2021,0.38,2384,1840,1600
5350196.01,5350196.01,2021S05075350196.01,196.01,2021,0.38,1942,1560,1475
5350196.02,5350196.02,2021S05075350196.02,196.02,2021,1.11,5577,4395,4195
5350200.01,5350200.01,2021S05075350200.01,200.01,2021,0.56,5594,4865,4055
5350200.02,5350200.02,2021S05075350200.02,200.02,2021,0.15,1049,955,785
5350201.00,5350201.00,2021S05075350201.00,201,2021,0.76,5528,4765,3850
5350202.00,5350202.00,2021S05075350202.00,202,2021,0.34,1640,1285,1255
5350203.00,5350203.00,2021S05075350203.00,203,2021,0.6,3425,2835,2500
5350204.00,5350204.00,2021S05075350204.00,204,2021,0.75,4596,3765,3360
5350205.00,5350205.00,2021S05075350205.00,205,2021,0.74,144,145,
5350206.01,5350206.01,2021S05075350206.01,206.01,2021,1.14,5106,4350,3705
5350206.02,5350206.02,2021S05075350206.02,206.02,2021,1.09,6294,5200,4435
5350207.00,5350207.00,2021S05075350207.00,207,2021,0.68,2597,2230,1745
5350208.00,5350208.00,2021S05075350208.00,208,2021,1.3,4165,3450,2960
5350209.00,5350209.00,2021S05075350209.00,209,2021,0.68,2862,2465,2165
5350210.01,5350210.01,2021S05075350210.01,210.01,2021,2.95,3703,3165,1940
5350210.03,5350210.03,2021S05075350210.03,210.03,2021,0.45,6959,6360,5055
5350210.04,5350210.04,2021S05075350210.04,210.04,2021,0.48,10080,9435,7750
5350211.00,5350211.00,2021S05075350211.00,211,2021,3.28,6884,5710,5105
5350212.00,5350212.00,2021S05075350212.00,212,2021,1.69,5712,4560,4275
5350213.01,5350213.01,2021S05075350213.01,213.01,2021,0.94,2658,2200,1940
5350213.02,5350213.02,2021S05075350213.02,213.02,2021,7,6301,5620,4420
5350214.00,5350214.00,2021S05075350214.00,214,2021,2.82,6728,5725,4925
5350215.00,5350215.00,2021S05075350215.00,215,2021,2.57,7151,5910,5240
5350216.00,5350216.00,2021S05075350216.00,216,2021,1.98,5489,4350,4075
5350217.00,5350217.00,2021S05075350217.00,217,2021,1.22,5900,4875,3860
5350218.00,5350218.00,2021S05075350218.00,218,2021,0.68,2674,2060,2020
5350219.00,5350219.00,2021S05075350219.00,219,2021,1.35,4531,3550,3210
5350220.00,5350220.00,2021S05075350220.00,220,2021,1.3,4196,3475,3125
5350221.01,5350221.01,2021S05075350221.01,221.01,2021,1.63,6363,5430,4990
5350221.02,5350221.02,2021S05075350221.02,221.02,2021,0.81,5269,4315,3195
5350222.01,5350222.01,2021S05075350222.01,222.01,2021,1.28,7105,5850,5205
5350222.02,5350222.02,2021S05075350222.02,222.02,2021,1.2,4985,3860,3020
5350223.01,5350223.01,2021S05075350223.01,223.01,2021,0.86,1522,1220,1135
5350223.02,5350223.02,2021S05075350223.02,223.02,2021,0.87,2180,1750,1655
5350224.00,5350224.00,2021S05075350224.00,224,2021,1.04,1650,1320,1295
5350225.01,5350225.01,2021S05075350225.01,225.01,2021,0.92,5209,4615,3925
5350225.02,5350225.02,2021S05075350225.02,225.02,2021,0.3,10827,9355,6480
5350226.00,5350226.00,2021S05075350226.00,226,2021,0.95,2813,2175,1990
5350227.00,5350227.00,2021S05075350227.00,227,2021,0.49,1752,1390,1345
5350228.00,5350228.00,2021S05075350228.00,228,2021,0.82,3144,2625,2560
5350229.00,5350229.00,2021S05075350229.00,229,2021,0.32,1226,945,880
5350230.01,5350230.01,2021S05075350230.01,230.01,2021,1.45,2649,2285,1915
5350230.02,5350230.02,2021S05075350230.02,230.02,2021,0.99,6558,5490,4790
5350231.00,5350231.00,2021S05075350231.00,231,2021,3.02,6273,5140,4775
5350232.00,5350232.00,2021S05075350232.00,232,2021,2.05,3820,3140,2915
5350233.00,5350233.00,2021S05075350233.00,233,2021,2.08,5707,4540,4165
5350234.00,5350234.00,2021S05075350234.00,234,2021,2.1,4531,3600,3305
5350235.01,5350235.01,2021S05075350235.01,235.01,2021,1.41,2902,2365,2135
5350235.02,5350235.02,2021S05075350235.02,235.02,2021,1.08,5166,4370,3990
5350236.01,5350236.01,2021S05075350236.01,236.01,2021,0.99,6949,5750,4850
5350236.02,5350236.02,2021S05075350236.02,236.02,2021,3.96,5902,4925,4730
5350237.01,5350237.01,2021S05075350237.01,237.01,2021,1.19,6641,5125,3990
5350237.02,5350237.02,2021S05075350237.02,237.02,2021,0.96,3003,2430,2150
5350237.03,5350237.03,2021S05075350237.03,237.03,2021,1.07,5935,4985,4360
5350238.01,5350238.01,2021S05075350238.01,238.01,2021,1.04,3500,2880,2630
5350238.02,5350238.02,2021S05075350238.02,238.02,2021,0.98,5306,4240,3795
5350239.00,5350239.00,2021S05075350239.00,239,2021,2.53,6715,5200,4250
5350240.01,5350240.01,2021S05075350240.01,240.01,2021,1.27,3377,2760,2695
5350240.02,5350240.02,2021S05075350240.02,240.02,2021,1.04,6089,5235,4415
5350241.00,5350241.00,2021S05075350241.00,241,2021,1.09,2772,2280,2075
5350242.00,5350242.00,2021S05075350242.00,242,2021,0.61,1566,1215,1060
5350243.01,5350243.01,2021S05075350243.01,243.01,2021,0.32,6212,4840,3695
5350243.02,5350243.02,2021S05075350243.02,243.02,2021,1.22,3793,3070,2515
5350244.01,5350244.01,2021S05075350244.01,244.01,2021,1.42,3663,3015,2670
5350244.02,5350244.02,2021S05075350244.02,244.02,2021,1.45,5703,4345,3710
5350245.00,5350245.00,2021S05075350245.00,245,2021,1.42,7033,5705,4715
5350246.00,5350246.00,2021S05075350246.00,246,2021,1.07,3345,2775,2395
5350247.01,5350247.01,2021S05075350247.01,247.01,2021,17.24,9027,7540,5675
5350247.02,5350247.02,2021S05075350247.02,247.02,2021,3.23,7213,5975,4795
5350248.02,5350248.02,2021S05075350248.02,248.02,2021,1.21,5538,4130,3430
5350248.03,5350248.03,2021S05075350248.03,248.03,2021,3.73,2651,2255,1700
5350248.04,5350248.04,2021S05075350248.04,248.04,2021,1.48,4945,4235,3055
5350248.05,5350248.05,2021S05075350248.05,248.05,2021,1.13,4285,3735,2630
5350249.01,5350249.01,2021S05075350249.01,249.01,2021,0.83,4598,3925,3225
5350249.03,5350249.03,2021S05075350249.03,249.03,2021,2.96,5569,4615,3535
5350249.04,5350249.04,2021S05075350249.04,249.04,2021,0.69,2709,2260,1660
5350249.05,5350249.05,2021S05075350249.05,249.05,2021,0.64,5606,4200,2650
5350250.01,5350250.01,2021S05075350250.01,250.01,2021,1.39,5047,4135,2950
5350250.02,5350250.02,2021S05075350250.02,250.02,2021,1.94,4958,4040,3440
5350250.04,5350250.04,2021S05075350250.04,250.04,2021,0.49,5939,4385,2785
5350250.05,5350250.05,2021S05075350250.05,250.05,2021,0.67,7031,5400,3550
5350260.01,5350260.01,2021S05075350260.01,260.01,2021,0.71,6590,5340,4095
5350260.04,5350260.04,2021S05075350260.04,260.04,2021,0.19,3879,2870,1765
5350260.05,5350260.05,2021S05075350260.05,260.05,2021,0.25,4139,2800,1725
5350260.06,5350260.06,2021S05075350260.06,260.06,2021,0.92,4354,3465,2405
5350260.07,5350260.07,2021S05075350260.07,260.07,2021,0.34,3591,3065,2885
5350261.00,5350261.00,2021S05075350261.00,261,2021,1.91,5547,4650,3785
5350262.01,5350262.01,2021S05075350262.01,262.01,2021,0.67,5848,4775,3750
5350262.02,5350262.02,2021S05075350262.02,262.02,2021,2.15,6252,4980,4185
5350263.02,5350263.02,2021S05075350263.02,263.02,2021,2,3873,3360,2810
5350263.03,5350263.03,2021S05075350263.03,263.03,2021,1.56,4635,3845,3270
5350263.04,5350263.04,2021S05075350263.04,263.04,2021,0.68,6464,5705,4680
5350264.00,5350264.00,2021S05075350264.00,264,2021,3.43,1260,1060,975
5350265.00,5350265.00,2021S05075350265.00,265,2021,2.66,5555,4495,3460
5350266.00,5350266.00,2021S05075350266.00,266,2021,2.73,3094,2560,2130
5350267.00,5350267.00,2021S05075350267.00,267,2021,2.71,6042,4855,4150
5350268.00,5350268.00,2021S05075350268.00,268,2021,3.03,6458,5420,4685
5350269.01,5350269.01,2021S05075350269.01,269.01,2021,0.75,5284,4405,3195
5350269.02,5350269.02,2021S05075350269.02,269.02,2021,1.75,2562,2090,1910
5350270.01,5350270.01,2021S05075350270.01,270.01,2021,1.12,4763,3835,3100
5350270.02,5350270.02,2021S05075350270.02,270.02,2021,0.76,4263,3300,2905
5350271.01,5350271.01,2021S05075350271.01,271.01,2021,0.89,2394,1960,1785
5350271.02,5350271.02,2021S05075350271.02,271.02,2021,0.71,4724,3730,3080
5350272.01,5350272.01,2021S05075350272.01,272.01,2021,0.46,5945,4805,3470
5350272.02,5350272.02,2021S05075350272.02,272.02,2021,1,4623,3905,3420
5350273.01,5350273.01,2021S05075350273.01,273.01,2021,3.19,3703,3035,2530
5350273.02,5350273.02,2021S05075350273.02,273.02,2021,1.29,4032,3305,2765
5350274.01,5350274.01,2021S05075350274.01,274.01,2021,1.52,4712,3750,2935
5350274.02,5350274.02,2021S05075350274.02,274.02,2021,1.33,4558,3805,3315
5350275.00,5350275.00,2021S05075350275.00,275,2021,1.96,5567,4575,4270
5350276.01,5350276.01,2021S05075350276.01,276.01,2021,1.23,6317,4965,4280
5350276.02,5350276.02,2021S05075350276.02,276.02,2021,1.28,6567,5000,4530
5350277.00,5350277.00,2021S05075350277.00,277,2021,1.03,3925,2815,2300
5350278.00,5350278.00,2021S05075350278.00,278,2021,1.33,7734,5715,4615
5350279.01,5350279.01,2021S05075350279.01,279.01,2021,1.21,4135,3465,2845
5350279.02,5350279.02,2021S05075350279.02,279.02,2021,1.58,6140,5265,4045
5350280.00,5350280.00,2021S05075350280.00,280,2021,2.14,7217,5785,4525
5350281.01,5350281.01,2021S05075350281.01,281.01,2021,0.97,6403,5065,4185
5350281.02,5350281.02,2021S05075350281.02,281.02,2021,0.41,3921,2935,2400
5350282.00,5350282.00,2021S05075350282.00,282,2021,2.22,4588,3795,3245
5350283.01,5350283.01,2021S05075350283.01,283.01,2021,0.92,5153,4115,3235
5350283.02,5350283.02,2021S05075350283.02,283.02,2021,1.16,4390,3440,3015
5350284.00,5350284.00,2021S05075350284.00,284,2021,1.41,6762,5535,4165
5350285.00,5350285.00,2021S05075350285.00,285,2021,1.11,3278,2755,2370
5350286.00,5350286.00,2021S05075350286.00,286,2021,3.24,6768,5745,4120
5350287.02,5350287.02,2021S05075350287.02,287.02,2021,1.06,6471,4960,3405
5350287.03,5350287.03,2021S05075350287.03,287.03,2021,0.48,2699,2020,1680
5350287.04,5350287.04,2021S05075350287.04,287.04,2021,0.59,4551,3505,3080
5350288.00,5350288.00,2021S05075350288.00,288,2021,2.63,11027,8940,6855
5350289.00,5350289.00,2021S05075350289.00,289,2021,1.3,4885,4060,3100
5350290.01,5350290.01,2021S05075350290.01,290.01,2021,0.94,3748,3065,2255
5350290.02,5350290.02,2021S05075350290.02,290.02,2021,0.35,1652,1395,1125
5350291.02,5350291.02,2021S05075350291.02,291.02,2021,1.15,4881,4050,3355
5350291.03,5350291.03,2021S05075350291.03,291.03,2021,0.42,2721,2290,1760
5350291.04,5350291.04,2021S05075350291.04,291.04,2021,0.51,1572,1325,935
5350292.00,5350292.00,2021S05075350292.00,292,2021,3.73,8580,6495,4590
5350293.00,5350293.00,2021S05075350293.00,293,2021,2.01,6808,5495,4760
5350294.01,5350294.01,2021S05075350294.01,294.01,2021,0.86,4177,3350,2690
5350294.02,5350294.02,2021S05075350294.02,294.02,2021,1.02,4449,3675,3075
5350295.00,5350295.00,2021S05075350295.00,295,2021,1.09,5481,4410,3550
5350296.00,5350296.00,2021S05075350296.00,296,2021,4.65,1744,1370,1045
5350297.01,5350297.01,2021S05075350297.01,297.01,2021,1.13,7239,6110,4775
5350297.02,5350297.02,2021S05075350297.02,297.02,2021,1.51,6646,5305,4505
5350298.00,5350298.00,2021S05075350298.00,298,2021,2.26,4561,3460,3005
5350299.01,5350299.01,2021S05075350299.01,299.01,2021,2.88,6289,5085,4040
5350299.02,5350299.02,2021S05075350299.02,299.02,2021,0.16,5130,4625,2915
5350300.01,5350300.01,2021S05075350300.01,300.01,2021,0.12,3850,3510,1945
5350300.02,5350300.02,2021S05075350300.02,300.02,2021,0.21,7505,6560,4430
5350300.03,5350300.03,2021S05075350300.03,300.03,2021,0.71,2448,1960,1620
5350301.01,5350301.01,2021S05075350301.01,301.01,2021,0.9,2863,2305,1830
5350301.03,5350301.03,2021S05075350301.03,301.03,2021,0.27,8324,6875,3245
5350301.04,5350301.04,2021S05075350301.04,301.04,2021,1.43,8766,7460,4120
5350302.01,5350302.01,2021S05075350302.01,302.01,2021,1.23,6114,5225,4450
5350302.02,5350302.02,2021S05075350302.02,302.02,2021,1.08,5867,4925,3615
5350302.03,5350302.03,2021S05075350302.03,302.03,2021,0.69,3267,2810,1975
5350303.00,5350303.00,2021S05075350303.00,303,2021,1.06,6080,5030,3130
5350304.01,5350304.01,2021S05075350304.01,304.01,2021,0.25,4404,3445,2425
5350304.02,5350304.02,2021S05075350304.02,304.02,2021,1.21,4595,3930,3255
5350304.03,5350304.03,2021S05075350304.03,304.03,2021,0.98,2484,2050,1670
5350304.04,5350304.04,2021S05075350304.04,304.04,2021,0.23,3482,2805,1900
5350304.05,5350304.05,2021S05075350304.05,304.05,2021,0.7,2686,2355,1925
5350304.06,5350304.06,2021S05075350304.06,304.06,2021,0.75,5725,4775,3735
5350305.01,5350305.01,2021S05075350305.01,305.01,2021,2.41,4421,3765,3355
5350305.03,5350305.03,2021S05075350305.03,305.03,2021,0.71,4766,4015,3040
5350305.05,5350305.05,2021S05075350305.05,305.05,2021,0.37,6580,5895,4140
5350305.06,5350305.06,2021S05075350305.06,305.06,2021,0.63,4366,3990,2165
5350306.01,5350306.01,2021S05075350306.01,306.01,2021,1.17,4612,3705,2835
5350306.02,5350306.02,2021S05075350306.02,306.02,2021,1.12,4686,3855,3010
5350307.03,5350307.03,2021S05075350307.03,307.03,2021,0.11,4957,4255,2730
5350307.04,5350307.04,2021S05075350307.04,307.04,2021,0.15,6919,6080,3985
5350307.05,5350307.05,2021S05075350307.05,307.05,2021,0.1,3365,3055,1675
5350307.06,5350307.06,2021S05075350307.06,307.06,2021,0.1,5057,4325,2975
5350307.07,5350307.07,2021S05075350307.07,307.07,2021,1.22,6216,5255,3745
5350308.02,5350308.02,2021S05075350308.02,308.02,2021,1.42,4327,3565,3115
5350308.03,5350308.03,2021S05075350308.03,308.03,2021,0.4,1115,890,740
5350308.05,5350308.05,2021S05075350308.05,308.05,2021,0.74,2386,2020,1670
5350308.06,5350308.06,2021S05075350308.06,308.06,2021,0.19,5585,5080,3230
5350308.07,5350308.07,2021S05075350308.07,308.07,2021,0.15,3797,3485,2120
5350309.00,5350309.00,2021S05075350309.00,309,2021,0.74,6361,5245,3265
5350310.01,5350310.01,2021S05075350310.01,310.01,2021,1.41,3609,2920,2400
5350310.02,5350310.02,2021S05075350310.02,310.02,2021,2.1,5328,4335,3600
5350311.02,5350311.02,2021S05075350311.02,311.02,2021,0.89,6010,5020,3940
5350311.03,5350311.03,2021S05075350311.03,311.03,2021,0.8,2672,2205,1735
5350311.04,5350311.04,2021S05075350311.04,311.04,2021,0.96,6517,5295,4030
5350311.05,5350311.05,2021S05075350311.05,311.05,2021,0.35,6698,5545,3395
5350311.06,5350311.06,2021S05075350311.06,311.06,2021,10.24,6660,5795,3160
5350312.02,5350312.02,2021S05075350312.02,312.02,2021,0.52,3505,2795,2060
5350312.03,5350312.03,2021S05075350312.03,312.03,2021,1.49,6374,5090,4130
5350312.04,5350312.04,2021S05075350312.04,312.04,2021,0.73,5234,4080,3030
5350312.05,5350312.05,2021S05075350312.05,312.05,2021,0.35,3685,2655,2090
5350312.06,5350312.06,2021S05075350312.06,312.06,2021,0.46,3415,2705,2330
5350312.07,5350312.07,2021S05075350312.07,312.07,2021,0.62,3535,3045,2480
5350313.00,5350313.00,2021S05075350313.00,313,2021,2.87,5554,4460,3645
5350314.01,5350314.01,2021S05075350314.01,314.01,2021,0.43,6275,4705,3060
5350314.02,5350314.02,2021S05075350314.02,314.02,2021,1.09,5130,4195,3110
5350315.01,5350315.01,2021S05075350315.01,315.01,2021,1.5,3267,2765,2460
5350315.02,5350315.02,2021S05075350315.02,315.02,2021,0.43,3365,2650,1965
5350315.03,5350315.03,2021S05075350315.03,315.03,2021,6.01,5562,4495,3560
5350316.01,5350316.01,2021S05075350316.01,316.01,2021,1.77,3970,3345,2760
5350316.03,5350316.03,2021S05075350316.03,316.03,2021,0.4,5761,4325,2940
5350316.04,5350316.04,2021S05075350316.04,316.04,2021,0.46,4105,3145,2615
5350316.05,5350316.05,2021S05075350316.05,316.05,2021,0.4,4104,3155,2325
5350316.06,5350316.06,2021S05075350316.06,316.06,2021,0.41,3367,2490,1910
5350317.02,5350317.02,2021S05075350317.02,317.02,2021,0.43,7242,6215,4300
5350317.03,5350317.03,2021S05075350317.03,317.03,2021,1.19,3531,3030,2560
5350317.04,5350317.04,2021S05075350317.04,317.04,2021,0.72,6731,5550,4205
5350317.05,5350317.05,2021S05075350317.05,317.05,2021,0.49,2162,1905,1615
5350318.01,5350318.01,2021S05075350318.01,318.01,2021,1.42,4762,4090,2905
5350318.02,5350318.02,2021S05075350318.02,318.02,2021,0.49,4137,3705,2065
5350319.00,5350319.00,2021S05075350319.00,319,2021,1.2,4099,3535,2745
5350320.01,5350320.01,2021S05075350320.01,320.01,2021,0.74,5178,4390,2835
5350320.02,5350320.02,2021S05075350320.02,320.02,2021,0.85,5802,4980,3405
5350321.01,5350321.01,2021S05075350321.01,321.01,2021,1.26,3808,3245,2565
5350321.02,5350321.02,2021S05075350321.02,321.02,2021,1.22,3879,3365,2510
5350322.01,5350322.01,2021S05075350322.01,322.01,2021,0.21,4495,4010,2565
5350322.02,5350322.02,2021S05075350322.02,322.02,2021,1.41,3814,3455,2080
5350323.01,5350323.01,2021S05075350323.01,323.01,2021,1.03,4274,3670,3020
5350323.02,5350323.02,2021S05075350323.02,323.02,2021,1.83,4950,4440,3485
5350324.01,5350324.01,2021S05075350324.01,324.01,2021,1.18,3275,2700,2130
5350324.02,5350324.02,2021S05075350324.02,324.02,2021,1.89,5925,5020,3970
5350324.03,5350324.03,2021S05075350324.03,324.03,2021,2.17,3671,3325,2900
5350324.05,5350324.05,2021S05075350324.05,324.05,2021,0.66,3336,2840,2245
5350324.06,5350324.06,2021S05075350324.06,324.06,2021,0.66,3442,2750,2025
5350330.00,5350330.00,2021S05075350330.00,330,2021,2.24,4252,3560,3330
5350331.01,5350331.01,2021S05075350331.01,331.01,2021,1.57,5545,4620,4165
5350331.03,5350331.03,2021S05075350331.03,331.03,2021,0.51,6065,4305,2950
5350331.04,5350331.04,2021S05075350331.04,331.04,2021,1.11,3372,2905,2315
5350332.00,5350332.00,2021S05075350332.00,332,2021,1.53,7337,5780,4820
5350333.00,5350333.00,2021S05075350333.00,333,2021,2.45,4717,3825,3510
5350334.00,5350334.00,2021S05075350334.00,334,2021,2.45,3610,2840,2565
5350335.00,5350335.00,2021S05075350335.00,335,2021,2.23,7857,6350,5450
5350336.00,5350336.00,2021S05075350336.00,336,2021,1.61,6901,5710,4895
5350337.01,5350337.01,2021S05075350337.01,337.01,2021,0.2,1177,970,920
5350337.02,5350337.02,2021S05075350337.02,337.02,2021,0.65,2008,1680,1270
5350338.00,5350338.00,2021S05075350338.00,338,2021,1.68,6092,4990,4580
5350339.00,5350339.00,2021S05075350339.00,339,2021,1.82,6937,5605,5210
5350340.00,5350340.00,2021S05075350340.00,340,2021,1.27,6931,5375,4160
5350341.02,5350341.02,2021S05075350341.02,341.02,2021,0.8,4576,3820,2860
5350341.03,5350341.03,2021S05075350341.03,341.03,2021,0.4,3185,2205,1730
5350341.04,5350341.04,2021S05075350341.04,341.04,2021,0.67,6152,4800,3810
5350342.00,5350342.00,2021S05075350342.00,342,2021,1.24,7329,5835,4975
5350343.00,5350343.00,2021S05075350343.00,343,2021,1.11,4260,3475,2775
5350344.01,5350344.01,2021S05075350344.01,344.01,2021,1.06,5183,4330,3405
5350344.02,5350344.02,2021S05075350344.02,344.02,2021,0.22,3301,2750,2425
5350345.00,5350345.00,2021S05075350345.00,345,2021,0.79,4042,3340,2845
5350346.01,5350346.01,2021S05075350346.01,346.01,2021,1.51,4630,3595,2920
5350346.02,5350346.02,2021S05075350346.02,346.02,2021,0.4,5323,4130,2940
5350347.00,5350347.00,2021S05075350347.00,347,2021,1.5,3390,2745,2200
5350348.00,5350348.00,2021S05075350348.00,348,2021,2.32,5780,4840,3735
5350349.00,5350349.00,2021S05075350349.00,349,2021,0.88,5633,4540,3440
5350350.00,5350350.00,2021S05075350350.00,350,2021,3.36,5228,4305,3790
5350351.01,5350351.01,2021S05075350351.01,351.01,2021,0.97,5376,4360,3505
5350351.02,5350351.02,2021S05075350351.02,351.02,2021,0.57,2683,2220,1810
5350352.00,5350352.00,2021S05075350352.00,352,2021,1.13,5278,4365,3485
5350353.02,5350353.02,2021S05075350353.02,353.02,2021,1.21,5464,4350,3495
5350353.03,5350353.03,2021S05075350353.03,353.03,2021,0.41,3000,2475,1840
5350353.04,5350353.04,2021S05075350353.04,353.04,2021,0.63,4255,3345,2890
5350354.00,5350354.00,2021S05075350354.00,354,2021,1.32,5421,4545,3460
5350355.02,5350355.02,2021S05075350355.02,355.02,2021,1.1,5097,4230,3570
5350355.04,5350355.04,2021S05075350355.04,355.04,2021,0.58,5152,4075,2890
5350355.05,5350355.05,2021S05075350355.05,355.05,2021,0.31,3525,2730,2005
5350355.06,5350355.06,2021S05075350355.06,355.06,2021,0.19,1791,1340,1035
5350356.00,5350356.00,2021S05075350356.00,356,2021,1.54,4962,4090,3135
5350357.01,5350357.01,2021S05075350357.01,357.01,2021,1.04,6706,5030,4010
5350357.02,5350357.02,2021S05075350357.02,357.02,2021,1.09,5001,3600,2785
5350358.01,5350358.01,2021S05075350358.01,358.01,2021,1.12,3504,2855,2610
5350358.02,5350358.02,2021S05075350358.02,358.02,2021,0.62,5280,4165,3520
5350358.03,5350358.03,2021S05075350358.03,358.03,2021,1.09,5718,4585,3755
5350359.00,5350359.00,2021S05075350359.00,359,2021,2.21,7681,6130,5125
5350360.00,5350360.00,2021S05075350360.00,360,2021,4.52,6231,5120,4535
5350361.01,5350361.01,2021S05075350361.01,361.01,2021,2.93,6037,4905,4560
5350361.02,5350361.02,2021S05075350361.02,361.02,2021,2.47,7416,5910,5635
5350362.01,5350362.01,2021S05075350362.01,362.01,2021,2.49,6291,5130,4645
5350362.02,5350362.02,2021S05075350362.02,362.02,2021,1.94,5803,4905,4205
5350362.03,5350362.03,2021S05075350362.03,362.03,2021,3.28,6875,5925,5065
5350362.04,5350362.04,2021S05075350362.04,362.04,2021,1.35,5240,4475,3715
5350363.02,5350363.02,2021S05075350363.02,363.02,2021,1.19,3270,2700,2330
5350363.04,5350363.04,2021S05075350363.04,363.04,2021,1.13,3908,3205,2675
5350363.05,5350363.05,2021S05075350363.05,363.05,2021,0.5,4665,3500,2485
5350363.06,5350363.06,2021S05075350363.06,363.06,2021,0.82,7176,6125,4430
5350363.07,5350363.07,2021S05075350363.07,363.07,2021,2.24,5164,4050,2835
5350364.01,5350364.01,2021S05075350364.01,364.01,2021,2.86,5865,4780,3915
5350364.02,5350364.02,2021S05075350364.02,364.02,2021,0.74,3110,2555,1860
5350365.00,5350365.00,2021S05075350365.00,365,2021,1.57,7650,6255,4650
5350366.00,5350366.00,2021S05075350366.00,366,2021,1.44,6228,5100,4150
5350367.01,5350367.01,2021S05075350367.01,367.01,2021,0.71,4534,3530,2410
5350367.02,5350367.02,2021S05075350367.02,367.02,2021,1.03,3560,2940,2590
5350368.01,5350368.01,2021S05075350368.01,368.01,2021,0.89,6624,5890,3945
5350368.02,5350368.02,2021S05075350368.02,368.02,2021,1.56,4365,3800,2915
5350369.00,5350369.00,2021S05075350369.00,369,2021,2.45,8145,6195,4795
5350370.01,5350370.01,2021S05075350370.01,370.01,2021,1.76,9656,7760,5870
5350370.02,5350370.02,2021S05075350370.02,370.02,2021,2.27,5574,4540,3330
5350370.03,5350370.03,2021S05075350370.03,370.03,2021,0.86,4262,3470,2955
5350371.00,5350371.00,2021S05075350371.00,371,2021,3.72,8463,6940,5555
5350372.00,5350372.00,2021S05075350372.00,372,2021,1.32,4333,3665,3230
5350373.00,5350373.00,2021S05075350373.00,373,2021,0.96,4934,4045,3200
5350374.01,5350374.01,2021S05075350374.01,374.01,2021,1.19,5150,4345,3365
5350374.02,5350374.02,2021S05075350374.02,374.02,2021,0.8,3171,2695,2280
5350374.03,5350374.03,2021S05075350374.03,374.03,2021,0.81,4053,3450,2530
5350375.01,5350375.01,2021S05075350375.01,375.01,2021,0.95,6266,5350,4160
5350375.02,5350375.02,2021S05075350375.02,375.02,2021,0.61,1887,1565,1415
5350375.03,5350375.03,2021S05075350375.03,375.03,2021,0.81,5221,4150,3055
5350375.04,5350375.04,2021S05075350375.04,375.04,2021,0.92,5785,4855,3600
5350375.05,5350375.05,2021S05075350375.05,375.05,2021,1.13,6915,5795,4740
5350376.01,5350376.01,2021S05075350376.01,376.01,2021,1.05,5025,4070,3145
5350376.02,5350376.02,2021S05075350376.02,376.02,2021,0.86,4667,3830,2740
5350376.04,5350376.04,2021S05075350376.04,376.04,2021,1.19,5296,4525,3475
5350376.05,5350376.05,2021S05075350376.05,376.05,2021,1.29,6299,5305,3965
5350376.06,5350376.06,2021S05075350376.06,376.06,2021,2.19,428,430,245
5350376.08,5350376.08,2021S05075350376.08,376.08,2021,0.88,6056,5175,3970
5350376.09,5350376.09,2021S05075350376.09,376.09,2021,0.8,4250,3700,2745
5350376.11,5350376.11,2021S05075350376.11,376.11,2021,0.47,3313,2610,1845
5350376.12,5350376.12,2021S05075350376.12,376.12,2021,0.91,5081,4455,3720
5350376.13,5350376.13,2021S05075350376.13,376.13,2021,0.51,3626,3130,2470
5350376.14,5350376.14,2021S05075350376.14,376.14,2021,0.74,3472,2895,2270
5350376.15,5350376.15,2021S05075350376.15,376.15,2021,0.91,3560,3235,2875
5350376.16,5350376.16,2021S05075350376.16,376.16,2021,0.27,4484,3630,2280
5350377.02,5350377.02,2021S05075350377.02,377.02,2021,1.91,4356,3710,2960
5350377.03,5350377.03,2021S05075350377.03,377.03,2021,0.65,2682,2295,1880
5350377.04,5350377.04,2021S05075350377.04,377.04,2021,0.88,5466,4645,3580
5350377.06,5350377.06,2021S05075350377.06,377.06,2021,0.51,3408,2880,2000
5350377.07,5350377.07,2021S05075350377.07,377.07,2021,0.76,4556,3860,2570
5350377.08,5350377.08,2021S05075350377.08,377.08,2021,1.27,4912,4155,3370
5350377.09,5350377.09,2021S05075350377.09,377.09,2021,0.78,5506,4780,3000
5350378.02,5350378.02,2021S05075350378.02,378.02,2021,1.06,2970,2490,1760
5350378.03,5350378.03,2021S05075350378.03,378.03,2021,2.2,7948,6635,5335
5350378.04,5350378.04,2021S05075350378.04,378.04,2021,1.28,5958,4645,3890
5350378.05,5350378.05,2021S05075350378.05,378.05,2021,0.73,3905,3150,2665
5350378.06,5350378.06,2021S05075350378.06,378.06,2021,1.78,5763,4680,3860
5350378.07,5350378.07,2021S05075350378.07,378.07,2021,2.8,6694,5675,4350
5350378.08,5350378.08,2021S05075350378.08,378.08,2021,0.89,6275,5285,4130
5350378.11,5350378.11,2021S05075350378.11,378.11,2021,0.96,5633,4515,3585
5350378.12,5350378.12,2021S05075350378.12,378.12,2021,0.78,5300,4235,3480
5350378.14,5350378.14,2021S05075350378.14,378.14,2021,0.93,3707,3005,2175
5350378.16,5350378.16,2021S05075350378.16,378.16,2021,0.64,5695,4755,4025
5350378.17,5350378.17,2021S05075350378.17,378.17,2021,0.47,3265,2585,2260
5350378.18,5350378.18,2021S05075350378.18,378.18,2021,0.09,2587,2145,1730
5350378.19,5350378.19,2021S05075350378.19,378.19,2021,4.5,4808,3995,3165
5350378.20,5350378.20,2021S05075350378.20,378.2,2021,0.11,1918,1670,1340
5350378.21,5350378.21,2021S05075350378.21,378.21,2021,0.7,3612,3000,2185
5350378.22,5350378.22,2021S05075350378.22,378.22,2021,0.53,3114,2650,2060
5350378.23,5350378.23,2021S05075350378.23,378.23,2021,1.53,3840,3355,2640
5350378.24,5350378.24,2021S05075350378.24,378.24,2021,2.51,5820,5080,4040
5350378.25,5350378.25,2021S05075350378.25,378.25,2021,4.73,7612,5940,4975
5350378.26,5350378.26,2021S05075350378.26,378.26,2021,1.63,4867,3930,3430
5350378.27,5350378.27,2021S05075350378.27,378.27,2021,19.91,5547,4380,3755
5350378.28,5350378.28,2021S05075350378.28,378.28,2021,2.23,6946,5690,4955
5350802.01,5350802.01,2021S05075350802.01,802.01,2021,2.17,4011,3260,2855
5350802.02,5350802.02,2021S05075350802.02,802.02,2021,2.26,5373,4390,4215
