screen,screened_predictor_count,n_components,train_r2,cv_r2,cv_rmse,variables
all_14,14,4,0.39121982186905013,0.3626528089174549,0.07365364534863299,block1_age_18_34_share; block1_age_65_plus_share; block1_average_household_size; block1_bachelors_or_higher_25_64_share; block1_low_income_lim_at_share; block2_renter_share; block2_same_address_5yr_share; block2_apartment_share; block2_condo_share; block2_population_density_per_km2; block3_citizen_adult_share; block3_immigrant_share; block3_visible_minority_share; block5_tts_no_car_household_share
all_14,14,5,0.3913001314270246,0.3608644679812735,0.07375690583453384,block1_age_18_34_share; block1_age_65_plus_share; block1_average_household_size; block1_bachelors_or_higher_25_64_share; block1_low_income_lim_at_share; block2_renter_share; block2_same_address_5yr_share; block2_apartment_share; block2_condo_share; block2_population_density_per_km2; block3_citizen_adult_share; block3_immigrant_share; block3_visible_minority_share; block5_tts_no_car_household_share
all_14,14,6,0.3966742505757186,0.3604353222531159,0.07378166361126505,block1_age_18_34_share; block1_age_65_plus_share; block1_average_household_size; block1_bachelors_or_higher_25_64_share; block1_low_income_lim_at_share; block2_renter_share; block2_same_address_5yr_share; block2_apartment_share; block2_condo_share; block2_population_density_per_km2; block3_citizen_adult_share; block3_immigrant_share; block3_visible_minority_share; block5_tts_no_car_household_share
top_10_corr,10,3,0.38439927699482823,0.3558900234126591,0.07404337754787267,block3_visible_minority_share; block3_immigrant_share; block1_average_household_size; block1_bachelors_or_higher_25_64_share; block3_citizen_adult_share; block5_tts_no_car_household_share; block1_low_income_lim_at_share; block1_age_65_plus_share; block2_apartment_share; block2_population_density_per_km2
top_10_corr,10,4,0.3843993709869241,0.3534530780820708,0.07418331429904533,block3_visible_minority_share; block3_immigrant_share; block1_average_household_size; block1_bachelors_or_higher_25_64_share; block3_citizen_adult_share; block5_tts_no_car_household_share; block1_low_income_lim_at_share; block1_age_65_plus_share; block2_apartment_share; block2_population_density_per_km2
all_14,14,7,0.3973558939342591,0.35327511793471733,0.07419352296665384,block1_age_18_34_share; block1_age_65_plus_share; block1_average_household_size; block1_bachelors_or_higher_25_64_share; block1_low_income_lim_at_share; block2_renter_share; block2_same_address_5yr_share; block2_apartment_share; block2_condo_share; block2_population_density_per_km2; block3_citizen_adult_share; block3_immigrant_share; block3_visible_minority_share; block5_tts_no_car_household_share
corr_ge_0.10,11,3,0.3810943380629923,0.35283995672566104,0.07421848003479262,block3_visible_minority_share; block3_immigrant_share; block1_average_household_size; block1_bachelors_or_higher_25_64_share; block3_citizen_adult_share; block5_tts_no_car_household_share; block1_low_income_lim_at_share; block1_age_65_plus_share; block2_apartment_share; block2_population_density_per_km2; block2_same_address_5yr_share
top_12_corr,12,4,0.38314078800173734,0.35167994328643015,0.07428496736612615,block3_visible_minority_share; block3_immigrant_share; block1_average_household_size; block1_bachelors_or_higher_25_64_share; block3_citizen_adult_share; block5_tts_no_car_household_share; block1_low_income_lim_at_share; block1_age_65_plus_share; block2_apartment_share; block2_population_density_per_km2; block2_same_address_5yr_share; block2_condo_share
corr_ge_0.10,11,4,0.38170310265633844,0.3511080366222572,0.07431772487716576,block3_visible_minority_share; block3_immigrant_share; block1_average_household_size; block1_bachelors_or_higher_25_64_share; block3_citizen_adult_share; block5_tts_no_car_household_share; block1_low_income_lim_at_share; block1_age_65_plus_share; block2_apartment_share; block2_population_density_per_km2; block2_same_address_5yr_share
top_10_corr,10,5,0.38451964144234485,0.3504348614142295,0.07435626432917619,block3_visible_minority_share; block3_immigrant_share; block1_average_household_size; block1_bachelors_or_higher_25_64_share; block3_citizen_adult_share; block5_tts_no_car_household_share; block1_low_income_lim_at_share; block1_age_65_plus_share; block2_apartment_share; block2_population_density_per_km2
corr_ge_0.10,11,5,0.38341821152750255,0.35039976845177345,0.0743582728624204,block3_visible_minority_share; block3_immigrant_share; block1_average_household_size; block1_bachelors_or_higher_25_64_share; block3_citizen_adult_share; block5_tts_no_car_household_share; block1_low_income_lim_at_share; block1_age_65_plus_share; block2_apartment_share; block2_population_density_per_km2; block2_same_address_5yr_share
top_12_corr,12,5,0.3831497712723543,0.35012898055220454,0.07437376948758734,block3_visible_minority_share; block3_immigrant_share; block1_average_household_size; block1_bachelors_or_higher_25_64_share; block3_citizen_adult_share; block5_tts_no_car_household_share; block1_low_income_lim_at_share; block1_age_65_plus_share; block2_apartment_share; block2_population_density_per_km2; block2_same_address_5yr_share; block2_condo_share
corr_ge_0.10,11,6,0.3881798777616319,0.3491032894974644,0.07443243838616041,block3_visible_minority_share; block3_immigrant_share; block1_average_household_size; block1_bachelors_or_higher_25_64_share; block3_citizen_adult_share; block5_tts_no_car_household_share; block1_low_income_lim_at_share; block1_age_65_plus_share; block2_apartment_share; block2_population_density_per_km2; block2_same_address_5yr_share
top_8_corr,8,3,0.37870276375891454,0.3480197789736037,0.0744943643371197,block3_visible_minority_share; block3_immigrant_share; block1_average_household_size; block1_bachelors_or_higher_25_64_share; block3_citizen_adult_share; block5_tts_no_car_household_share; block1_low_income_lim_at_share; block1_age_65_plus_share
top_10_corr,10,6,0.3893095917361481,0.3478529469690581,0.07450389472530702,block3_visible_minority_share; block3_immigrant_share; block1_average_household_size; block1_bachelors_or_higher_25_64_share; block3_citizen_adult_share; block5_tts_no_car_household_share; block1_low_income_lim_at_share; block1_age_65_plus_share; block2_apartment_share; block2_population_density_per_km2
corr_ge_0.30,4,4,0.3674195967431948,0.3472188810383148,0.07454010504325453,block3_visible_minority_share; block3_immigrant_share; block1_average_household_size; block1_bachelors_or_higher_25_64_share
top_12_corr,12,7,0.3888461969422766,0.3452963061583062,0.0746497923227023,block3_visible_minority_share; block3_immigrant_share; block1_average_household_size; block1_bachelors_or_higher_25_64_share; block3_citizen_adult_share; block5_tts_no_car_household_share; block1_low_income_lim_at_share; block1_age_65_plus_share; block2_apartment_share; block2_population_density_per_km2; block2_same_address_5yr_share; block2_condo_share
top_12_corr,12,6,0.3879355447994354,0.3452193905214006,0.07465417718240921,block3_visible_minority_share; block3_immigrant_share; block1_average_household_size; block1_bachelors_or_higher_25_64_share; block3_citizen_adult_share; block5_tts_no_car_household_share; block1_low_income_lim_at_share; block1_age_65_plus_share; block2_apartment_share; block2_population_density_per_km2; block2_same_address_5yr_share; block2_condo_share
all_14,14,8,0.39924761515760465,0.3451873620470105,0.07465600300782962,block1_age_18_34_share; block1_age_65_plus_share; block1_average_household_size; block1_bachelors_or_higher_25_64_share; block1_low_income_lim_at_share; block2_renter_share; block2_same_address_5yr_share; block2_apartment_share; block2_condo_share; block2_population_density_per_km2; block3_citizen_adult_share; block3_immigrant_share; block3_visible_minority_share; block5_tts_no_car_household_share
top_10_corr,10,7,0.39404434606632466,0.3450239282976373,0.07466531906905519,block3_visible_minority_share; block3_immigrant_share; block1_average_household_size; block1_bachelors_or_higher_25_64_share; block3_citizen_adult_share; block5_tts_no_car_household_share; block1_low_income_lim_at_share; block1_age_65_plus_share; block2_apartment_share; block2_population_density_per_km2
corr_ge_0.20,6,4,0.3650472312457954,0.34429789052365345,0.07470669067778755,block3_visible_minority_share; block3_immigrant_share; block1_average_household_size; block1_bachelors_or_higher_25_64_share; block3_citizen_adult_share; block5_tts_no_car_household_share
top_6_corr,6,4,0.3650472312457954,0.34429789052365345,0.07470669067778755,block3_visible_minority_share; block3_immigrant_share; block1_average_household_size; block1_bachelors_or_higher_25_64_share; block3_citizen_adult_share; block5_tts_no_car_household_share
top_8_corr,8,4,0.37892641039768393,0.3440105633669821,0.07472305703509725,block3_visible_minority_share; block3_immigrant_share; block1_average_household_size; block1_bachelors_or_higher_25_64_share; block3_citizen_adult_share; block5_tts_no_car_household_share; block1_low_income_lim_at_share; block1_age_65_plus_share
corr_ge_0.10,11,7,0.38921767375547534,0.3423965181263865,0.07481492764438555,block3_visible_minority_share; block3_immigrant_share; block1_average_household_size; block1_bachelors_or_higher_25_64_share; block3_citizen_adult_share; block5_tts_no_car_household_share; block1_low_income_lim_at_share; block1_age_65_plus_share; block2_apartment_share; block2_population_density_per_km2; block2_same_address_5yr_share
top_12_corr,12,8,0.3968125064949337,0.3423816097424218,0.07481577569596742,block3_visible_minority_share; block3_immigrant_share; block1_average_household_size; block1_bachelors_or_higher_25_64_share; block3_citizen_adult_share; block5_tts_no_car_household_share; block1_low_income_lim_at_share; block1_age_65_plus_share; block2_apartment_share; block2_population_density_per_km2; block2_same_address_5yr_share; block2_condo_share
corr_ge_0.10,11,8,0.3978212966277277,0.34169791722769494,0.07485465667825056,block3_visible_minority_share; block3_immigrant_share; block1_average_household_size; block1_bachelors_or_higher_25_64_share; block3_citizen_adult_share; block5_tts_no_car_household_share; block1_low_income_lim_at_share; block1_age_65_plus_share; block2_apartment_share; block2_population_density_per_km2; block2_same_address_5yr_share
top_8_corr,8,6,0.38714860096631054,0.34064418803163166,0.07491454179826812,block3_visible_minority_share; block3_immigrant_share; block1_average_household_size; block1_bachelors_or_higher_25_64_share; block3_citizen_adult_share; block5_tts_no_car_household_share; block1_low_income_lim_at_share; block1_age_65_plus_share
top_8_corr,8,5,0.3794813472333982,0.3406255744007789,0.07491559921048786,block3_visible_minority_share; block3_immigrant_share; block1_average_household_size; block1_bachelors_or_higher_25_64_share; block3_citizen_adult_share; block5_tts_no_car_household_share; block1_low_income_lim_at_share; block1_age_65_plus_share
corr_ge_0.20,6,6,0.3702282041845252,0.34029894835591457,0.0749341519139261,block3_visible_minority_share; block3_immigrant_share; block1_average_household_size; block1_bachelors_or_higher_25_64_share; block3_citizen_adult_share; block5_tts_no_car_household_share
top_6_corr,6,6,0.3702282041845252,0.34029894835591457,0.0749341519139261,block3_visible_minority_share; block3_immigrant_share; block1_average_household_size; block1_bachelors_or_higher_25_64_share; block3_citizen_adult_share; block5_tts_no_car_household_share
corr_ge_0.30,4,1,0.3467455435617338,0.3401669858861629,0.07494164621855995,block3_visible_minority_share; block3_immigrant_share; block1_average_household_size; block1_bachelors_or_higher_25_64_share
corr_ge_0.30,4,3,0.35746779830536657,0.34007716144058886,0.07494674702633795,block3_visible_minority_share; block3_immigrant_share; block1_average_household_size; block1_bachelors_or_higher_25_64_share
corr_ge_0.20,6,5,0.36562242347128715,0.3373038836846489,0.0751040610524849,block3_visible_minority_share; block3_immigrant_share; block1_average_household_size; block1_bachelors_or_higher_25_64_share; block3_citizen_adult_share; block5_tts_no_car_household_share
top_6_corr,6,5,0.36562242347128715,0.3373038836846489,0.0751040610524849,block3_visible_minority_share; block3_immigrant_share; block1_average_household_size; block1_bachelors_or_higher_25_64_share; block3_citizen_adult_share; block5_tts_no_car_household_share
top_10_corr,10,8,0.3971949803382626,0.3370226559519668,0.07511999528232952,block3_visible_minority_share; block3_immigrant_share; block1_average_household_size; block1_bachelors_or_higher_25_64_share; block3_citizen_adult_share; block5_tts_no_car_household_share; block1_low_income_lim_at_share; block1_age_65_plus_share; block2_apartment_share; block2_population_density_per_km2
top_8_corr,8,7,0.38843028501698507,0.33661954729483234,0.07514282933472309,block3_visible_minority_share; block3_immigrant_share; block1_average_household_size; block1_bachelors_or_higher_25_64_share; block3_citizen_adult_share; block5_tts_no_car_household_share; block1_low_income_lim_at_share; block1_age_65_plus_share
corr_ge_0.20,6,1,0.3416499513588285,0.336219468709153,0.0751654848904026,block3_visible_minority_share; block3_immigrant_share; block1_average_household_size; block1_bachelors_or_higher_25_64_share; block3_citizen_adult_share; block5_tts_no_car_household_share
top_6_corr,6,1,0.3416499513588285,0.336219468709153,0.0751654848904026,block3_visible_minority_share; block3_immigrant_share; block1_average_household_size; block1_bachelors_or_higher_25_64_share; block3_citizen_adult_share; block5_tts_no_car_household_share
top_8_corr,8,8,0.3884641135077509,0.33435724014775503,0.07527084898960061,block3_visible_minority_share; block3_immigrant_share; block1_average_household_size; block1_bachelors_or_higher_25_64_share; block3_citizen_adult_share; block5_tts_no_car_household_share; block1_low_income_lim_at_share; block1_age_65_plus_share
corr_ge_0.30,4,2,0.3490941527225919,0.33394675340055946,0.07529405432271387,block3_visible_minority_share; block3_immigrant_share; block1_average_household_size; block1_bachelors_or_higher_25_64_share
corr_ge_0.20,6,2,0.3455508168847857,0.33115599409768137,0.0754516302636792,block3_visible_minority_share; block3_immigrant_share; block1_average_household_size; block1_bachelors_or_higher_25_64_share; block3_citizen_adult_share; block5_tts_no_car_household_share
top_6_corr,6,2,0.3455508168847857,0.33115599409768137,0.0754516302636792,block3_visible_minority_share; block3_immigrant_share; block1_average_household_size; block1_bachelors_or_higher_25_64_share; block3_citizen_adult_share; block5_tts_no_car_household_share
corr_ge_0.20,6,3,0.34644409522423736,0.330771867282457,0.07547329363663083,block3_visible_minority_share; block3_immigrant_share; block1_average_household_size; block1_bachelors_or_higher_25_64_share; block3_citizen_adult_share; block5_tts_no_car_household_share
top_6_corr,6,3,0.34644409522423736,0.330771867282457,0.07547329363663083,block3_visible_minority_share; block3_immigrant_share; block1_average_household_size; block1_bachelors_or_higher_25_64_share; block3_citizen_adult_share; block5_tts_no_car_household_share
top_12_corr,12,3,0.3556570724132382,0.3304552814775359,0.07549114326601164,block3_visible_minority_share; block3_immigrant_share; block1_average_household_size; block1_bachelors_or_higher_25_64_share; block3_citizen_adult_share; block5_tts_no_car_household_share; block1_low_income_lim_at_share; block1_age_65_plus_share; block2_apartment_share; block2_population_density_per_km2; block2_same_address_5yr_share; block2_condo_share
top_10_corr,10,2,0.33914554474270153,0.32914390434949914,0.07556503596429942,block3_visible_minority_share; block3_immigrant_share; block1_average_household_size; block1_bachelors_or_higher_25_64_share; block3_citizen_adult_share; block5_tts_no_car_household_share; block1_low_income_lim_at_share; block1_age_65_plus_share; block2_apartment_share; block2_population_density_per_km2
top_8_corr,8,2,0.33483316936684393,0.32141800880887605,0.07599891167689116,block3_visible_minority_share; block3_immigrant_share; block1_average_household_size; block1_bachelors_or_higher_25_64_share; block3_citizen_adult_share; block5_tts_no_car_household_share; block1_low_income_lim_at_share; block1_age_65_plus_share
top_12_corr,12,2,0.3305128324701583,0.32068973426217295,0.07603968289638288,block3_visible_minority_share; block3_immigrant_share; block1_average_household_size; block1_bachelors_or_higher_25_64_share; block3_citizen_adult_share; block5_tts_no_car_household_share; block1_low_income_lim_at_share; block1_age_65_plus_share; block2_apartment_share; block2_population_density_per_km2; block2_same_address_5yr_share; block2_condo_share
corr_ge_0.10,11,2,0.3297155742369069,0.31987277424416005,0.07608539302162243,block3_visible_minority_share; block3_immigrant_share; block1_average_household_size; block1_bachelors_or_higher_25_64_share; block3_citizen_adult_share; block5_tts_no_car_household_share; block1_low_income_lim_at_share; block1_age_65_plus_share; block2_apartment_share; block2_population_density_per_km2; block2_same_address_5yr_share
all_14,14,2,0.32554929830562407,0.3176109406643418,0.07621180294164659,block1_age_18_34_share; block1_age_65_plus_share; block1_average_household_size; block1_bachelors_or_higher_25_64_share; block1_low_income_lim_at_share; block2_renter_share; block2_same_address_5yr_share; block2_apartment_share; block2_condo_share; block2_population_density_per_km2; block3_citizen_adult_share; block3_immigrant_share; block3_visible_minority_share; block5_tts_no_car_household_share
all_14,14,3,0.32606479300022495,0.31582336213871,0.07631155943503407,block1_age_18_34_share; block1_age_65_plus_share; block1_average_household_size; block1_bachelors_or_higher_25_64_share; block1_low_income_lim_at_share; block2_renter_share; block2_same_address_5yr_share; block2_apartment_share; block2_condo_share; block2_population_density_per_km2; block3_citizen_adult_share; block3_immigrant_share; block3_visible_minority_share; block5_tts_no_car_household_share
top_8_corr,8,1,0.2931351978288774,0.2885801791387709,0.077816051211773,block3_visible_minority_share; block3_immigrant_share; block1_average_household_size; block1_bachelors_or_higher_25_64_share; block3_citizen_adult_share; block5_tts_no_car_household_share; block1_low_income_lim_at_share; block1_age_65_plus_share
top_12_corr,12,1,0.00878481220779359,-0.0005907415335788535,0.09228570796920678,block3_visible_minority_share; block3_immigrant_share; block1_average_household_size; block1_bachelors_or_higher_25_64_share; block3_citizen_adult_share; block5_tts_no_car_household_share; block1_low_income_lim_at_share; block1_age_65_plus_share; block2_apartment_share; block2_population_density_per_km2; block2_same_address_5yr_share; block2_condo_share
corr_ge_0.10,11,1,0.009124790574403185,-0.0008473942318767413,0.09229754290648164,block3_visible_minority_share; block3_immigrant_share; block1_average_household_size; block1_bachelors_or_higher_25_64_share; block3_citizen_adult_share; block5_tts_no_car_household_share; block1_low_income_lim_at_share; block1_age_65_plus_share; block2_apartment_share; block2_population_density_per_km2; block2_same_address_5yr_share
all_14,14,1,0.0028357469611111075,-0.005797668590380667,0.09252551701694245,block1_age_18_34_share; block1_age_65_plus_share; block1_average_household_size; block1_bachelors_or_higher_25_64_share; block1_low_income_lim_at_share; block2_renter_share; block2_same_address_5yr_share; block2_apartment_share; block2_condo_share; block2_population_density_per_km2; block3_citizen_adult_share; block3_immigrant_share; block3_visible_minority_share; block5_tts_no_car_household_share
top_10_corr,10,1,0.0022867469032211707,-0.006054124537836936,0.09253731223554897,block3_visible_minority_share; block3_immigrant_share; block1_average_household_size; block1_bachelors_or_higher_25_64_share; block3_citizen_adult_share; block5_tts_no_car_household_share; block1_low_income_lim_at_share; block1_age_65_plus_share; block2_apartment_share; block2_population_density_per_km2
