outcome,dependent_variable,block,variable,n,ols_adjusted_r2,ols_aic,spatial_lambda,spatial_lambda_p,spatial_aic,delta_aic_spatial_minus_ols,coefficient,std_error,z_value,p_value,significance,standardized_coefficient,direction,abs_standardized_coefficient
A_municipal_turnout,outcome_municipal_participation_citizen_18plus,Block 1,block1_age_18_34_share,585,0.0578401,-1023.76,0.796914,0,-1445.92,-422.162,-0.352145,0.0480422,-7.3299,2.3026e-13,***,-0.291858,negative,0.291858
A_municipal_turnout,outcome_municipal_participation_citizen_18plus,Block 1,block1_age_35_64_share,585,0.04211,-1014.07,0.809369,0,-1401.49,-387.417,-0.202285,0.0748273,-2.70336,0.00686421,**,-0.087874,negative,0.087874
A_municipal_turnout,outcome_municipal_participation_citizen_18plus,Block 1,block1_age_65_plus_share,585,0.0389199,-1012.13,0.811624,0,-1462.04,-449.915,0.29807,0.0351246,8.48609,0,***,0.229401,positive,0.229401
A_municipal_turnout,outcome_municipal_participation_citizen_18plus,Block 1,block1_median_age,585,0.0835111,-1039.92,0.80562,0,-1482.04,-442.122,0.00491932,0.000505791,9.72599,0,***,0.280797,positive,0.280797
A_municipal_turnout,outcome_municipal_participation_citizen_18plus,Block 1,block1_average_household_size,585,0.149618,-1083.71,0.777349,0,-1414.42,-330.704,-0.0422383,0.00930183,-4.54086,5.60249e-06,***,-0.19625,negative,0.19625
A_municipal_turnout,outcome_municipal_participation_citizen_18plus,Block 1,block1_bachelors_or_higher_25_64_share,585,0.336243,-1228.66,0.713225,0,-1492.13,-263.473,0.316139,0.0293962,10.7544,0,***,0.533597,positive,0.533597
A_municipal_turnout,outcome_municipal_participation_citizen_18plus,Block 1,block1_low_income_lim_at_share,585,0.0995957,-1050.28,0.777888,0,-1417.12,-366.846,-0.268631,0.0555304,-4.83755,1.3145e-06,***,-0.154477,negative,0.154477
A_municipal_turnout,outcome_municipal_participation_citizen_18plus,Block 1,block1_unemployment_rate_share,585,0.319773,-1214.32,0.761889,0,-1507.84,-293.521,-0.948382,0.084269,-11.2542,0,***,-0.339214,negative,0.339214
A_municipal_turnout,outcome_municipal_participation_citizen_18plus,Block 2,block2_renter_share,585,0.0332232,-1008.67,0.805861,0,-1457.36,-448.687,-0.118095,0.0144792,-8.15619,4.44089e-16,***,-0.245268,negative,0.245268
A_municipal_turnout,outcome_municipal_participation_citizen_18plus,Block 2,block2_owner_share,585,0.0326879,-1008.35,0.805583,0,-1456.26,-447.91,0.117188,0.014503,8.08021,6.66134e-16,***,0.24315,positive,0.24315
A_municipal_turnout,outcome_municipal_participation_citizen_18plus,Block 2,block2_same_address_1yr_share,585,0.00192428,-990.031,0.796428,0,-1396.25,-406.222,0.0795508,0.0604139,1.31676,0.187918,,0.055705,positive,0.055705
A_municipal_turnout,outcome_municipal_participation_citizen_18plus,Block 2,block2_same_address_5yr_share,585,-0.00171159,-987.903,0.794744,0,-1397.66,-409.76,0.0556732,0.0313912,1.77353,0.076141,.,0.0673062,positive,0.0673062
A_municipal_turnout,outcome_municipal_participation_citizen_18plus,Block 2,block2_condo_share,585,0.00403071,-991.267,0.804864,0,-1400.66,-409.389,0.0303305,0.0120749,2.51186,0.0120096,*,0.0795921,positive,0.0795921
A_municipal_turnout,outcome_municipal_participation_citizen_18plus,Block 2,block2_apartment_share,585,0.00524627,-991.981,0.792077,0,-1405.38,-413.399,-0.0408351,0.0123343,-3.31071,0.000930605,***,-0.108933,negative,0.108933
A_municipal_turnout,outcome_municipal_participation_citizen_18plus,Block 2,block2_detached_share,585,0.0117708,-995.831,0.793306,0,-1412.99,-417.162,0.0582743,0.0134537,4.33147,1.48115e-05,***,0.145715,positive,0.145715
A_municipal_turnout,outcome_municipal_participation_citizen_18plus,Block 2,block2_semi_detached_share,585,0.0162096,-998.464,0.791812,0,-1395.55,-397.09,0.0365785,0.0359241,1.01822,0.308574,,0.0364155,positive,0.0364155
A_municipal_turnout,outcome_municipal_participation_citizen_18plus,Block 2,block2_population_density_per_km2,585,-0.0017149,-987.902,0.795245,0,-1398.66,-410.762,-8.22054e-07,4.03404e-07,-2.03779,0.0415707,*,-0.0728383,negative,0.0728383
A_municipal_turnout,outcome_municipal_participation_citizen_18plus,Block 3,block3_immigrant_share,585,0.456784,-1345.9,0.604326,0,-1477.31,-131.413,-0.378688,0.0325175,-11.6457,0,***,-0.517955,negative,0.517955
A_municipal_turnout,outcome_municipal_participation_citizen_18plus,Block 3,block3_recent_immigrant_share,585,0.207596,-1125.02,0.763791,0,-1459.18,-334.161,-0.711039,0.0851722,-8.34825,0,***,-0.277129,negative,0.277129
A_municipal_turnout,outcome_municipal_participation_citizen_18plus,Block 3,block3_non_citizen_share,585,0.290789,-1189.91,0.744963,0,-1479.24,-289.325,-0.434422,0.0446484,-9.72985,0,***,-0.348952,negative,0.348952
A_municipal_turnout,outcome_municipal_participation_citizen_18plus,Block 3,block3_citizen_adult_share,585,0.245982,-1154.07,0.752748,0,-1444.44,-290.363,0.277602,0.0376133,7.38043,1.57652e-13,***,0.250017,positive,0.250017
A_municipal_turnout,outcome_municipal_participation_citizen_18plus,Block 3,block3_visible_minority_share,585,0.520536,-1418.93,0.581749,0,-1551.22,-132.289,-0.282873,0.0180674,-15.6566,0,***,-0.654329,negative,0.654329
A_municipal_turnout,outcome_municipal_participation_citizen_18plus,Block 3,block3_english_french_knowledge_share,585,0.0708349,-1031.88,0.784921,0,-1395.97,-364.088,0.156038,0.124848,1.24982,0.211366,,0.0707148,positive,0.0707148
A_municipal_turnout,outcome_municipal_participation_citizen_18plus,Block 3,block3_non_official_mother_tongue_share,585,0.332763,-1225.6,0.694183,0,-1454.71,-229.105,-0.307064,0.0350688,-8.75606,0,***,-0.435188,negative,0.435188
A_municipal_turnout,outcome_municipal_participation_citizen_18plus,Block 4,block4_mayoral_top_two_margin,585,0.103283,-1052.68,0.783416,0,-1399.09,-346.41,0.0758354,0.0348525,2.17589,0.0295632,*,0.0867404,positive,0.0867404
A_municipal_turnout,outcome_municipal_participation_citizen_18plus,Block 4,block4_effective_mayoral_candidates_5pct,585,0.354604,-1245.07,0.705331,0,-1476.48,-231.411,-0.0714348,0.00718084,-9.94798,0,***,-0.493075,negative,0.493075
A_municipal_turnout,outcome_municipal_participation_citizen_18plus,Block 4,block4_mayoral_vote_fragmentation,585,0.311832,-1207.53,0.720753,0,-1451.32,-243.793,-0.733614,0.0896673,-8.18152,2.22045e-16,***,-0.382357,negative,0.382357
A_municipal_turnout,outcome_municipal_participation_citizen_18plus,Block 4,block4_federal_margin,585,0.0803452,-1037.9,0.791307,0,-1394.7,-356.796,0.0201313,0.0470865,0.427539,0.668987,,0.0255286,positive,0.0255286
A_municipal_turnout,outcome_municipal_participation_citizen_18plus,Block 4,block4_provincial_margin,585,0.0369955,-1010.96,0.790297,0,-1396.15,-385.195,0.049492,0.038542,1.28411,0.199105,,0.058241,positive,0.058241
A_municipal_turnout,outcome_municipal_participation_citizen_18plus,Block 4,block4_effective_federal_parties_5pct,585,-0.00139466,-988.089,0.796347,0,-1396.71,-408.618,-0.0512729,0.0346553,-1.47951,0.139004,,-0.0735931,negative,0.0735931
A_municipal_turnout,outcome_municipal_participation_citizen_18plus,Block 4,block4_effective_provincial_parties_5pct,585,0.00127278,-989.649,0.793894,0,-1396.67,-407.024,-0.0213965,0.0145921,-1.4663,0.142566,,-0.0689926,negative,0.0689926
A_municipal_turnout,outcome_municipal_participation_citizen_18plus,Block 5,block5_transit_commute_share_preferred,585,0.00292526,-990.618,0.800426,0,-1416.81,-426.197,-0.215783,0.0452226,-4.77159,1.8278e-06,***,-0.152481,negative,0.152481
A_municipal_turnout,outcome_municipal_participation_citizen_18plus,Block 5,block5_no_car_household_share,585,0.00902234,-994.206,0.808298,0,-1406.48,-412.275,-0.0959964,0.027326,-3.513,0.000443072,***,-0.156414,negative,0.156414
A_municipal_turnout,outcome_municipal_participation_citizen_18plus,Block 5,block5_social_housing_share,585,0.0492599,-1018.45,0.790684,0,-1411.13,-392.679,-0.0741804,0.0180645,-4.10642,4.01834e-05,***,-0.113084,negative,0.113084
A_municipal_turnout,outcome_municipal_participation_citizen_18plus,Block 5,block5_requests_311_per_1000,585,0.0301295,-1006.8,0.791854,0,-1406.91,-400.108,4.13556e-06,1.1687e-06,3.53858,0.000402278,***,0.0906047,positive,0.0906047
A_municipal_turnout,outcome_municipal_participation_citizen_18plus,Block 5,block5_library_access_1200m,585,0.0175312,-999.251,0.802092,0,-1400.52,-401.272,-0.0178393,0.00721908,-2.47113,0.0134688,*,-0.0767182,negative,0.0767182
A_municipal_turnout,outcome_municipal_participation_citizen_18plus,Block 5,block5_community_centre_access_1200m,585,-0.00160853,-987.964,0.794512,0,-1396.39,-408.431,-0.0142171,0.0103958,-1.36758,0.171443,,-0.0383476,negative,0.0383476
A_municipal_turnout,outcome_municipal_participation_citizen_18plus,Block 5,block5_school_age_5_17_share,585,0.00703206,-993.032,0.80114,0,-1406.21,-413.182,-0.33426,0.0970318,-3.44485,0.000571372,***,-0.13342,negative,0.13342
A_municipal_turnout,outcome_municipal_participation_citizen_18plus,Block 5,block5_ksi_collision_events_2021_2025_per_1000,585,0.0160965,-998.397,0.804457,0,-1424,-425.606,0.00948568,0.00172115,5.51125,3.56299e-08,***,0.136263,positive,0.136263
A_municipal_turnout,outcome_municipal_participation_citizen_18plus,Block 5,block5_development_applications_2021_2025_per_1000,585,0.00846505,-993.877,0.794278,0,-1396.01,-402.131,0.000424382,0.000348511,1.2177,0.223338,,0.0330926,positive,0.0330926
A_municipal_turnout,outcome_municipal_participation_citizen_18plus,Block 5,block5_shelter_access_1200m,585,0.0124767,-996.249,0.795148,0,-1394.67,-398.423,-0.00361241,0.00948393,-0.380898,0.703279,,-0.0162062,negative,0.0162062
A_municipal_turnout,outcome_municipal_participation_citizen_18plus,Block 4,block4_mayoral_winner_margin,583,0.103241,-1047.09,0.7832,0,-1392.32,-345.233,0.0785383,0.0352541,2.22778,0.0258953,*,0.0898308,positive,0.0898308
A_municipal_turnout,outcome_municipal_participation_citizen_18plus,Block 4,block4_mayoral_candidate_count_5pct,583,0.0161344,-993.041,0.792917,0,-1388.9,-395.861,-0.00607295,0.00518611,-1.171,0.241598,,-0.0448053,negative,0.0448053
A_municipal_turnout,outcome_municipal_participation_citizen_18plus,Block 4,block4_provincial_party_count_5pct,584,0.033591,-1006.18,0.791576,0,-1404.13,-397.944,-0.0332331,0.00913858,-3.63658,0.000276286,***,-0.129621,negative,0.129621
A_municipal_turnout,outcome_municipal_participation_citizen_18plus,Block 4,block4_provincial_vote_fragmentation,584,0.003015,-987.993,0.793435,0,-1394.15,-406.155,-0.164668,0.0935689,-1.75986,0.0784316,.,-0.0793793,negative,0.0793793
A_municipal_turnout,outcome_municipal_participation_citizen_18plus,Block 4,block4_federal_party_count_5pct,583,0.0473564,-1011.84,0.798802,0,-1388.08,-376.235,-0.0082078,0.0108717,-0.754969,0.450267,,-0.0384199,negative,0.0384199
A_municipal_turnout,outcome_municipal_participation_citizen_18plus,Block 4,block4_federal_vote_fragmentation,583,0.00036893,-983.773,0.796413,0,-1391.19,-407.422,-0.325955,0.169969,-1.91774,0.0551446,.,-0.0986565,negative,0.0986565
A_municipal_turnout,outcome_municipal_participation_citizen_18plus,Block 5,block5_tts_no_car_household_share,585,0.00902234,-994.206,0.808298,0,-1406.48,-412.275,-0.0959964,0.027326,-3.513,0.000443072,***,-0.156414,negative,0.156414
A_municipal_turnout,outcome_municipal_participation_citizen_18plus,Block 5,block5_tts_transit_trip_share,585,0.00292526,-990.618,0.800426,0,-1416.81,-426.197,-0.215783,0.0452226,-4.77159,1.8278e-06,***,-0.152481,negative,0.152481
A_municipal_turnout,outcome_municipal_participation_citizen_18plus,Block 5,block5_tts_overlap_area_m2,585,0.00665717,-992.811,0.797439,0,-1399.47,-406.658,4.19212e-09,1.8794e-09,2.23057,0.0257098,*,0.0599705,positive,0.0599705
A_municipal_turnout,outcome_municipal_participation_citizen_18plus,Block 5,block5_library_nearest_m,585,0.0177676,-999.391,0.804426,0,-1402.28,-402.888,1.87814e-05,6.66529e-06,2.81779,0.00483555,**,0.0972088,positive,0.0972088
A_municipal_turnout,outcome_municipal_participation_citizen_18plus,Block 5,block5_library_count_1200m,585,0.0685788,-1030.46,0.804901,0,-1397.37,-366.906,-0.00850367,0.00491034,-1.73179,0.0833115,.,-0.0723407,negative,0.0723407
A_municipal_turnout,outcome_municipal_participation_citizen_18plus,Block 5,block5_community_centre_nearest_m,585,0.00102711,-989.505,0.79368,0,-1399.48,-409.97,1.66645e-05,7.4752e-06,2.22931,0.0257932,*,0.064995,positive,0.064995
A_municipal_turnout,outcome_municipal_participation_citizen_18plus,Block 5,block5_community_centre_count_1200m,585,0.00132359,-989.679,0.793784,0,-1394.72,-405.039,-0.00106979,0.00244411,-0.437701,0.661603,,-0.015738,negative,0.015738
A_municipal_turnout,outcome_municipal_participation_citizen_18plus,Block 5,block5_park_nearest_m,585,0.00446522,-991.522,0.793967,0,-1394.63,-403.107,7.01338e-06,2.19664e-05,0.319278,0.749516,,0.00827553,positive,0.00827553
A_municipal_turnout,outcome_municipal_participation_citizen_18plus,Block 5,block5_park_count_1200m,585,0.00524981,-991.983,0.799227,0,-1397.41,-405.425,-0.000747551,0.000437469,-1.70881,0.0874862,.,-0.0813335,negative,0.0813335
A_municipal_turnout,outcome_municipal_participation_citizen_18plus,Block 5,block5_shelter_nearest_m,585,0.0220578,-1001.95,0.799426,0,-1395.11,-393.162,3.77627e-06,4.7901e-06,0.788349,0.430493,,0.0628325,positive,0.0628325
A_municipal_turnout,outcome_municipal_participation_citizen_18plus,Block 5,block5_shelter_count_1200m,585,-0.00034407,-988.703,0.795145,0,-1395.17,-406.466,-0.00272377,0.00339689,-0.801843,0.422644,,-0.0519173,negative,0.0519173
A_municipal_turnout,outcome_municipal_participation_citizen_18plus,Block 5,block5_ksi_collision_events_2021_2025,585,0.00681064,-992.902,0.794053,0,-1394.66,-401.762,-0.000369169,0.000997389,-0.370135,0.711282,,-0.0100119,negative,0.0100119
A_municipal_turnout,outcome_municipal_participation_citizen_18plus,Block 5,block5_development_applications_2021_2025,585,0.00454611,-991.569,0.794713,0,-1395.25,-403.681,0.000124285,0.000146054,0.850948,0.394798,,0.0262074,positive,0.0262074
A_municipal_turnout,outcome_municipal_participation_citizen_18plus,Block 5,block5_requests_311_2023_2025_estimated_count,585,0.0410354,-1013.42,0.789163,0,-1409.56,-396.139,5.00929e-06,1.28236e-06,3.90629,9.37228e-05,***,0.104213,positive,0.104213
A_municipal_turnout,outcome_municipal_participation_citizen_18plus,Block 2,block2_structural_type_total_dwellings,585,-0.00135699,-988.111,0.794354,0,-1396.93,-408.823,-4.68961e-06,3.02002e-06,-1.55284,0.120462,,-0.0479286,negative,0.0479286
A_municipal_turnout,outcome_municipal_participation_citizen_18plus,Block 2,block2_apartment_duplex_count,585,0.00926915,-994.352,0.794055,0,-1394.7,-400.349,-1.60022e-05,3.83616e-05,-0.417142,0.676574,,-0.0133422,negative,0.0133422
A_municipal_turnout,outcome_municipal_participation_citizen_18plus,Block 2,block2_apartment_lt5_storeys_count,585,0.0771333,-1035.86,0.803136,0,-1396.83,-360.968,-1.75031e-05,1.12744e-05,-1.55247,0.12055,,-0.0532919,negative,0.0532919
A_municipal_turnout,outcome_municipal_participation_citizen_18plus,Block 2,block2_apartment_5plus_storeys_count,585,0.0104853,-995.07,0.790734,0,-1398.8,-403.73,-6.13467e-06,2.95641e-06,-2.07504,0.0379832,*,-0.0719355,negative,0.0719355
A_municipal_turnout,outcome_municipal_participation_citizen_18plus,Block 2,block2_apartment_total_count,585,0.000374063,-989.123,0.793647,0,-1400.61,-411.483,-7.23239e-06,2.92569e-06,-2.47203,0.013435,*,-0.0834878,negative,0.0834878
A_municipal_turnout,outcome_municipal_participation_citizen_18plus,Block 2,block2_condo_status_total_dwellings,585,-0.00130484,-988.141,0.794305,0,-1397.02,-408.876,-4.80129e-06,3.03976e-06,-1.5795,0.114222,,-0.0487738,negative,0.0487738
A_municipal_turnout,outcome_municipal_participation_citizen_18plus,Block 2,block2_condominium_dwellings_count,585,0.00284568,-990.571,0.795073,0,-1394.6,-404.033,9.46759e-07,3.3942e-06,0.278935,0.780295,,0.0095694,positive,0.0095694
A_municipal_turnout,outcome_municipal_participation_citizen_18plus,Block 2,block2_apartments_per_km2,585,-0.00158216,-987.979,0.794746,0,-1396.25,-408.273,-9.42967e-07,7.174e-07,-1.31442,0.188704,,-0.0500314,negative,0.0500314
A_municipal_turnout,outcome_municipal_participation_citizen_18plus,Block 2,block2_condos_per_km2,585,0.000304573,-989.082,0.793928,0,-1394.61,-405.526,-2.66899e-07,9.33895e-07,-0.285791,0.775038,,-0.0104961,negative,0.0104961
B_provincial_turnout,outcome_provincial_participation_citizen_18plus,Block 1,block1_age_18_34_share,585,0.00313796,-1126.98,0.619595,0,-1292.81,-165.825,-0.117851,0.0530515,-2.22144,0.0263211,*,-0.109737,negative,0.109737
B_provincial_turnout,outcome_provincial_participation_citizen_18plus,Block 1,block1_age_35_64_share,585,0.0121633,-1132.3,0.648322,0,-1294.61,-162.312,-0.227666,0.0838117,-2.7164,0.00659959,**,-0.111113,negative,0.111113
B_provincial_turnout,outcome_provincial_participation_citizen_18plus,Block 1,block1_age_65_plus_share,585,0.0168715,-1135.1,0.646317,0,-1323.02,-187.925,0.250256,0.0412684,6.0641,1.32692e-09,***,0.216387,positive,0.216387
B_provincial_turnout,outcome_provincial_participation_citizen_18plus,Block 1,block1_median_age,585,0.0250606,-1139.99,0.637354,0,-1321.11,-181.115,0.00350616,0.000597414,5.8689,4.38696e-09,***,0.224849,positive,0.224849
B_provincial_turnout,outcome_provincial_participation_citizen_18plus,Block 1,block1_average_household_size,585,0.202658,-1257.63,0.547328,0,-1365.52,-107.888,-0.0839,0.00903461,-9.28651,0,***,-0.437961,negative,0.437961
B_provincial_turnout,outcome_provincial_participation_citizen_18plus,Block 1,block1_bachelors_or_higher_25_64_share,585,0.183998,-1244.1,0.502351,0,-1331.75,-87.6556,0.20676,0.0282301,7.32412,2.40474e-13,***,0.39208,positive,0.39208
B_provincial_turnout,outcome_provincial_participation_citizen_18plus,Block 1,block1_low_income_lim_at_share,585,0.0195621,-1136.7,0.610333,0,-1288.87,-152.168,-0.062742,0.062814,-0.998853,0.317866,,-0.0405356,negative,0.0405356
B_provincial_turnout,outcome_provincial_participation_citizen_18plus,Block 1,block1_unemployment_rate_share,585,0.173243,-1236.44,0.548596,0,-1338.86,-102.422,-0.737609,0.0983675,-7.49851,6.4615e-14,***,-0.296406,negative,0.296406
B_provincial_turnout,outcome_provincial_participation_citizen_18plus,Block 2,block2_renter_share,585,-0.000333656,-1124.95,0.62035,0,-1292.04,-167.087,-0.0348514,0.0170869,-2.03965,0.0413848,*,-0.0813205,negative,0.0813205
B_provincial_turnout,outcome_provincial_participation_citizen_18plus,Block 2,block2_owner_share,585,-0.000491243,-1124.86,0.620051,0,-1291.7,-166.841,0.033421,0.0171044,1.95394,0.050708,.,0.077908,positive,0.077908
B_provincial_turnout,outcome_provincial_participation_citizen_18plus,Block 2,block2_same_address_1yr_share,585,0.0172905,-1135.35,0.61115,0,-1288.54,-153.189,-0.0516659,0.0636668,-0.811505,0.417076,,-0.0406466,negative,0.0406466
B_provincial_turnout,outcome_provincial_participation_citizen_18plus,Block 2,block2_same_address_5yr_share,585,0.0113399,-1131.81,0.61227,0,-1289.64,-157.83,-0.0451636,0.0340182,-1.32763,0.184301,,-0.0613435,negative,0.0613435
B_provincial_turnout,outcome_provincial_participation_citizen_18plus,Block 2,block2_condo_share,585,0.00694396,-1129.22,0.651429,0,-1316.22,-187.001,0.0726116,0.0133008,5.45919,4.78314e-08,***,0.214076,positive,0.214076
B_provincial_turnout,outcome_provincial_participation_citizen_18plus,Block 2,block2_apartment_share,585,0.0148392,-1133.89,0.62106,0,-1298.57,-164.677,0.0449399,0.0136888,3.28297,0.00102719,**,0.134687,positive,0.134687
B_provincial_turnout,outcome_provincial_participation_citizen_18plus,Block 2,block2_detached_share,585,0.00896743,-1130.41,0.620135,0,-1295.52,-165.104,-0.0415247,0.0149881,-2.77051,0.0055969,**,-0.116655,negative,0.116655
B_provincial_turnout,outcome_provincial_participation_citizen_18plus,Block 2,block2_semi_detached_share,585,0.00791013,-1129.79,0.61319,0,-1288.5,-158.71,0.0306625,0.039255,0.78111,0.434738,,0.0342955,positive,0.0342955
B_provincial_turnout,outcome_provincial_participation_citizen_18plus,Block 2,block2_population_density_per_km2,585,0.0134913,-1133.09,0.612607,0,-1291.15,-158.062,7.92797e-07,4.38166e-07,1.80935,0.0703963,.,0.0789209,positive,0.0789209
B_provincial_turnout,outcome_provincial_participation_citizen_18plus,Block 3,block3_immigrant_share,585,0.236004,-1282.62,0.38721,1.00143e-08,-1312.05,-29.429,-0.231961,0.0313472,-7.39974,1.36335e-13,***,-0.356448,negative,0.356448
B_provincial_turnout,outcome_provincial_participation_citizen_18plus,Block 3,block3_recent_immigrant_share,585,0.084944,-1177.07,0.581215,0,-1302.61,-125.54,-0.383137,0.0967573,-3.95978,7.50198e-05,***,-0.16777,negative,0.16777
B_provincial_turnout,outcome_provincial_participation_citizen_18plus,Block 3,block3_non_citizen_share,585,0.12018,-1200.05,0.559174,0,-1305.2,-105.152,-0.221726,0.05011,-4.42478,9.65397e-06,***,-0.200097,negative,0.200097
B_provincial_turnout,outcome_provincial_participation_citizen_18plus,Block 3,block3_citizen_adult_share,585,0.0728743,-1169.41,0.598294,0,-1289.37,-119.961,0.0554751,0.042788,1.29651,0.1948,,0.0561328,positive,0.0561328
B_provincial_turnout,outcome_provincial_participation_citizen_18plus,Block 3,block3_visible_minority_share,585,0.295857,-1330.35,0.336145,3.20468e-08,-1356.54,-26.1973,-0.189038,0.0172164,-10.9801,0,***,-0.491274,negative,0.491274
B_provincial_turnout,outcome_provincial_participation_citizen_18plus,Block 3,block3_english_french_knowledge_share,585,0.044261,-1151.63,0.596853,0,-1289.93,-138.307,0.178787,0.118371,1.5104,0.130942,,0.0910306,positive,0.0910306
B_provincial_turnout,outcome_provincial_participation_citizen_18plus,Block 3,block3_non_official_mother_tongue_share,585,0.176701,-1238.89,0.490605,0,-1307.95,-69.0648,-0.183182,0.0335501,-5.45996,4.7623e-08,***,-0.291677,negative,0.291677
B_provincial_turnout,outcome_provincial_participation_citizen_18plus,Block 4,block4_mayoral_top_two_margin,585,0.0808317,-1174.45,0.586545,0,-1293.18,-118.729,0.08926,0.0368692,2.42099,0.0154782,*,0.114704,positive,0.114704
B_provincial_turnout,outcome_provincial_participation_citizen_18plus,Block 4,block4_effective_mayoral_candidates_5pct,585,0.229105,-1277.36,0.452364,0,-1335.55,-58.1893,-0.0531936,0.00654168,-8.13149,4.44089e-16,***,-0.412509,negative,0.412509
B_provincial_turnout,outcome_provincial_participation_citizen_18plus,Block 4,block4_mayoral_vote_fragmentation,585,0.203955,-1258.58,0.480282,0,-1324.64,-66.0631,-0.60062,0.0856263,-7.01444,2.30882e-12,***,-0.3517,negative,0.3517
B_provincial_turnout,outcome_provincial_participation_citizen_18plus,Block 4,block4_federal_margin,585,0.0760022,-1171.38,0.578438,0,-1294.85,-123.469,0.12076,0.0429988,2.80845,0.00497808,**,0.172048,positive,0.172048
B_provincial_turnout,outcome_provincial_participation_citizen_18plus,Block 4,block4_provincial_margin,585,0.0307964,-1143.44,0.604882,0,-1293.98,-150.541,0.0983697,0.0394894,2.49104,0.0127369,*,0.130055,positive,0.130055
B_provincial_turnout,outcome_provincial_participation_citizen_18plus,Block 4,block4_effective_federal_parties_5pct,585,-0.00171064,-1124.14,0.616981,0,-1287.96,-163.812,-0.00847426,0.0351024,-0.241415,0.809233,,-0.0136654,negative,0.0136654
B_provincial_turnout,outcome_provincial_participation_citizen_18plus,Block 4,block4_effective_provincial_parties_5pct,585,-0.000975353,-1124.57,0.618333,0,-1289.18,-164.607,-0.0169114,0.0149147,-1.13387,0.256849,,-0.0612647,negative,0.0612647
B_provincial_turnout,outcome_provincial_participation_citizen_18plus,Block 5,block5_transit_commute_share_preferred,585,-0.00162654,-1124.19,0.617213,0,-1288.23,-164.04,-0.0298279,0.0514819,-0.579386,0.562329,,-0.0236805,negative,0.0236805
B_provincial_turnout,outcome_provincial_participation_citizen_18plus,Block 5,block5_no_car_household_share,585,0.039686,-1148.83,0.601614,0,-1291.65,-142.814,0.0561755,0.0284369,1.97544,0.048218,*,0.102834,positive,0.102834
B_provincial_turnout,outcome_provincial_participation_citizen_18plus,Block 5,block5_social_housing_share,585,0.0218248,-1138.05,0.613284,0,-1296.8,-158.75,-0.0624055,0.0208238,-2.99684,0.00272793,**,-0.106882,negative,0.106882
B_provincial_turnout,outcome_provincial_participation_citizen_18plus,Block 5,block5_requests_311_per_1000,585,0.0104427,-1131.28,0.613077,0,-1290.25,-158.971,2.09835e-06,1.36274e-06,1.5398,0.123609,,0.0516493,positive,0.0516493
B_provincial_turnout,outcome_provincial_participation_citizen_18plus,Block 5,block5_library_access_1200m,585,0.0155993,-1134.34,0.617216,0,-1287.9,-153.56,-0.000496892,0.00815231,-0.060951,0.951398,,-0.00240079,negative,0.00240079
B_provincial_turnout,outcome_provincial_participation_citizen_18plus,Block 5,block5_community_centre_access_1200m,585,-0.00169797,-1124.15,0.616843,0,-1287.96,-163.811,-0.00301288,0.0118842,-0.25352,0.799866,,-0.00913024,negative,0.00913024
B_provincial_turnout,outcome_provincial_participation_citizen_18plus,Block 5,block5_school_age_5_17_share,585,0.0433721,-1151.08,0.630307,0,-1321.22,-170.141,-0.603216,0.10283,-5.86617,4.45979e-09,***,-0.270507,negative,0.270507
B_provincial_turnout,outcome_provincial_participation_citizen_18plus,Block 5,block5_ksi_collision_events_2021_2025_per_1000,585,0.00770006,-1129.67,0.61957,0,-1295,-165.337,0.00548002,0.00204904,2.67443,0.00748562,**,0.0884428,positive,0.0884428
B_provincial_turnout,outcome_provincial_participation_citizen_18plus,Block 5,block5_development_applications_2021_2025_per_1000,585,0.00559409,-1128.42,0.61692,0,-1287.9,-159.473,-7.02949e-06,0.000400842,-0.0175368,0.986008,,-0.000615841,negative,0.000615841
B_provincial_turnout,outcome_provincial_participation_citizen_18plus,Block 5,block5_shelter_access_1200m,585,0.0240619,-1139.39,0.609248,0,-1288.94,-149.547,0.010296,0.0099179,1.03812,0.299212,,0.0518947,positive,0.0518947
B_provincial_turnout,outcome_provincial_participation_citizen_18plus,Block 4,block4_mayoral_winner_margin,583,0.080827,-1168.43,0.586234,0,-1286.69,-118.261,0.0898179,0.0371327,2.41884,0.0155701,*,0.115415,positive,0.115415
B_provincial_turnout,outcome_provincial_participation_citizen_18plus,Block 4,block4_mayoral_candidate_count_5pct,583,0.0132838,-1127.09,0.612171,0,-1283.54,-156.457,-0.00819143,0.00559963,-1.46285,0.143508,,-0.0678962,negative,0.0678962
B_provincial_turnout,outcome_provincial_participation_citizen_18plus,Block 4,block4_provincial_party_count_5pct,584,0.0090394,-1127.52,0.613237,0,-1286.86,-159.341,-0.0147192,0.0100876,-1.45914,0.144526,,-0.0644988,negative,0.0644988
B_provincial_turnout,outcome_provincial_participation_citizen_18plus,Block 4,block4_provincial_vote_fragmentation,584,-0.000858202,-1121.72,0.61879,0,-1286.29,-164.579,-0.120814,0.0968835,-1.247,0.212396,,-0.0654302,negative,0.0654302
B_provincial_turnout,outcome_provincial_participation_citizen_18plus,Block 4,block4_federal_party_count_5pct,583,0.0531085,-1151.11,0.605053,0,-1281.89,-130.783,0.00806452,0.0108727,0.74172,0.458257,,0.0424096,positive,0.0424096
B_provincial_turnout,outcome_provincial_participation_citizen_18plus,Block 4,block4_federal_vote_fragmentation,583,-0.0010914,-1118.65,0.616986,0,-1281.87,-163.214,-0.113482,0.169475,-0.669608,0.503108,,-0.0385879,negative,0.0385879
B_provincial_turnout,outcome_provincial_participation_citizen_18plus,Block 5,block5_tts_no_car_household_share,585,0.039686,-1148.83,0.601614,0,-1291.65,-142.814,0.0561755,0.0284369,1.97544,0.048218,*,0.102834,positive,0.102834
B_provincial_turnout,outcome_provincial_participation_citizen_18plus,Block 5,block5_tts_transit_trip_share,585,-0.00162654,-1124.19,0.617213,0,-1288.23,-164.04,-0.0298279,0.0514819,-0.579386,0.562329,,-0.0236805,negative,0.0236805
B_provincial_turnout,outcome_provincial_participation_citizen_18plus,Block 5,block5_tts_overlap_area_m2,585,0.0106005,-1131.38,0.616484,0,-1287.91,-156.528,-1.97583e-10,2.20209e-09,-0.089725,0.928506,,-0.00317558,negative,0.00317558
B_provincial_turnout,outcome_provincial_participation_citizen_18plus,Block 5,block5_library_nearest_m,585,0.0160245,-1134.59,0.617707,0,-1287.91,-153.32,9.41539e-07,7.3601e-06,0.127925,0.898209,,0.00547503,positive,0.00547503
B_provincial_turnout,outcome_provincial_participation_citizen_18plus,Block 5,block5_library_count_1200m,585,0.0617739,-1162.45,0.607346,0,-1288.27,-125.828,0.00341543,0.00520162,0.656609,0.511432,,0.0326432,positive,0.0326432
B_provincial_turnout,outcome_provincial_participation_citizen_18plus,Block 5,block5_community_centre_nearest_m,585,-0.00160337,-1124.21,0.616521,0,-1288.14,-163.937,4.21033e-06,8.49762e-06,0.495472,0.620267,,0.018449,positive,0.018449
B_provincial_turnout,outcome_provincial_participation_citizen_18plus,Block 5,block5_community_centre_count_1200m,585,-0.00155245,-1124.24,0.617061,0,-1288.05,-163.81,0.00102075,0.00265212,0.384881,0.700326,,0.0168711,positive,0.0168711
B_provincial_turnout,outcome_provincial_participation_citizen_18plus,Block 5,block5_park_nearest_m,585,0.002439,-1126.57,0.615926,0,-1288.07,-161.499,1.05931e-05,2.54313e-05,0.416538,0.677017,,0.0140431,positive,0.0140431
B_provincial_turnout,outcome_provincial_participation_citizen_18plus,Block 5,block5_park_count_1200m,585,0.0232032,-1138.88,0.608297,0,-1289.31,-150.434,0.000529934,0.000438667,1.20805,0.227026,,0.0647771,positive,0.0647771
B_provincial_turnout,outcome_provincial_participation_citizen_18plus,Block 5,block5_shelter_nearest_m,585,0.0152224,-1134.12,0.617176,0,-1287.9,-153.781,1.0842e-07,3.90884e-06,0.0277372,0.977872,,0.00202677,positive,0.00202677
B_provincial_turnout,outcome_provincial_participation_citizen_18plus,Block 5,block5_shelter_count_1200m,585,0.0131401,-1132.88,0.612995,0,-1288.13,-155.245,0.00149526,0.00306478,0.487885,0.625632,,0.0320205,positive,0.0320205
B_provincial_turnout,outcome_provincial_participation_citizen_18plus,Block 5,block5_ksi_collision_events_2021_2025,585,-0.000632635,-1124.77,0.617008,0,-1287.91,-163.134,0.000113445,0.00115349,0.0983495,0.921655,,0.00345659,positive,0.00345659
B_provincial_turnout,outcome_provincial_participation_citizen_18plus,Block 5,block5_development_applications_2021_2025,585,0.00650197,-1128.96,0.616959,0,-1287.9,-158.939,-3.95089e-06,0.000164831,-0.0239693,0.980877,,-0.000935991,negative,0.000935991
B_provincial_turnout,outcome_provincial_participation_citizen_18plus,Block 5,block5_requests_311_2023_2025_estimated_count,585,0.0151435,-1134.07,0.610869,0,-1290.35,-156.28,2.35013e-06,1.49254e-06,1.57459,0.115352,,0.0549298,positive,0.0549298
B_provincial_turnout,outcome_provincial_participation_citizen_18plus,Block 2,block2_structural_type_total_dwellings,585,0.00753513,-1129.57,0.614347,0,-1290.34,-160.773,5.33468e-06,3.40635e-06,1.5661,0.117326,,0.0612544,positive,0.0612544
B_provincial_turnout,outcome_provincial_participation_citizen_18plus,Block 2,block2_apartment_duplex_count,585,0.0156977,-1134.4,0.61294,0,-1293.43,-159.026,-0.000101232,4.29182e-05,-2.35872,0.0183383,*,-0.0948274,negative,0.0948274
B_provincial_turnout,outcome_provincial_participation_citizen_18plus,Block 2,block2_apartment_lt5_storeys_count,585,0.0703381,-1167.81,0.603891,0,-1288.71,-120.901,1.1991e-05,1.25286e-05,0.957096,0.338519,,0.0410179,positive,0.0410179
B_provincial_turnout,outcome_provincial_participation_citizen_18plus,Block 2,block2_apartment_5plus_storeys_count,585,0.000892311,-1125.67,0.622313,0,-1292.58,-166.913,7.08422e-06,3.26129e-06,2.17221,0.0298397,*,0.0933286,positive,0.0933286
B_provincial_turnout,outcome_provincial_participation_citizen_18plus,Block 2,block2_apartment_total_count,585,0.0110854,-1131.66,0.614816,0,-1292.73,-161.066,7.16261e-06,3.25048e-06,2.20356,0.0275556,*,0.092893,positive,0.092893
B_provincial_turnout,outcome_provincial_participation_citizen_18plus,Block 2,block2_condo_status_total_dwellings,585,0.00763625,-1129.63,0.6143,0,-1290.35,-160.722,5.38023e-06,3.42909e-06,1.569,0.116649,,0.0614045,positive,0.0614045
B_provincial_turnout,outcome_provincial_participation_citizen_18plus,Block 2,block2_condominium_dwellings_count,585,0.0049781,-1128.06,0.626976,0,-1298.84,-170.775,1.24693e-05,3.74135e-06,3.33284,0.000859654,***,0.141599,positive,0.141599
B_provincial_turnout,outcome_provincial_participation_citizen_18plus,Block 2,block2_apartments_per_km2,585,0.0152244,-1134.12,0.612996,0,-1293.27,-159.153,1.77998e-06,7.65429e-07,2.32547,0.020047,*,0.106104,positive,0.106104
B_provincial_turnout,outcome_provincial_participation_citizen_18plus,Block 2,block2_condos_per_km2,585,0.00844418,-1130.1,0.62104,0,-1296.88,-166.774,3.02356e-06,1.00446e-06,3.01014,0.00261128,**,0.133588,positive,0.133588
C_federal_turnout,outcome_federal_participation_citizen_18plus,Block 1,block1_age_18_34_share,585,-0.000349344,-1038.42,0.589302,0,-1177.31,-138.888,-0.0441132,0.0579657,-0.761023,0.446643,,-0.0381483,negative,0.0381483
C_federal_turnout,outcome_federal_participation_citizen_18plus,Block 1,block1_age_35_64_share,585,0.000706385,-1039.04,0.61924,0,-1184.79,-145.748,-0.270246,0.0921192,-2.93365,0.00334999,**,-0.122493,negative,0.122493
C_federal_turnout,outcome_federal_participation_citizen_18plus,Block 1,block1_age_65_plus_share,585,0.0164215,-1048.31,0.604461,0,-1198.81,-150.496,0.219726,0.0461946,4.75653,1.96949e-06,***,0.176447,positive,0.176447
C_federal_turnout,outcome_federal_participation_citizen_18plus,Block 1,block1_median_age,585,0.0206484,-1050.83,0.596051,0,-1195.1,-144.274,0.00288353,0.000666998,4.32315,1.53816e-05,***,0.171739,positive,0.171739
C_federal_turnout,outcome_federal_participation_citizen_18plus,Block 1,block1_average_household_size,585,0.20031,-1169.39,0.517952,0,-1262.14,-92.7506,-0.0948629,0.00972737,-9.75216,0,***,-0.459892,negative,0.459892
C_federal_turnout,outcome_federal_participation_citizen_18plus,Block 1,block1_bachelors_or_higher_25_64_share,585,0.199288,-1168.64,0.448206,0,-1229.9,-61.2579,0.239716,0.0293128,8.17786,2.22045e-16,***,0.422171,positive,0.422171
C_federal_turnout,outcome_federal_participation_citizen_18plus,Block 1,block1_low_income_lim_at_share,585,0.00134411,-1039.41,0.598102,0,-1178.2,-138.793,0.0849969,0.0690369,1.23118,0.218255,,0.0509996,positive,0.0509996
C_federal_turnout,outcome_federal_participation_citizen_18plus,Block 1,block1_unemployment_rate_share,585,0.172077,-1149.09,0.510114,0,-1227.52,-78.4239,-0.81195,0.107841,-7.52916,5.10703e-14,***,-0.303022,negative,0.303022
C_federal_turnout,outcome_federal_participation_citizen_18plus,Block 2,block2_renter_share,585,-0.00144908,-1037.78,0.591749,0,-1177.32,-139.541,-0.0145144,0.0188577,-0.769681,0.441489,,-0.0314532,negative,0.0314532
C_federal_turnout,outcome_federal_participation_citizen_18plus,Block 2,block2_owner_share,585,-0.00140431,-1037.8,0.591575,0,-1177.24,-139.44,0.0135636,0.0188729,0.718682,0.472337,,0.0293645,positive,0.0293645
C_federal_turnout,outcome_federal_participation_citizen_18plus,Block 2,block2_same_address_1yr_share,585,0.0466515,-1066.57,0.574778,0,-1194.56,-127.986,-0.290555,0.0680529,-4.26954,1.95876e-05,***,-0.212292,negative,0.212292
C_federal_turnout,outcome_federal_participation_citizen_18plus,Block 2,block2_same_address_5yr_share,585,0.04266,-1064.13,0.581379,0,-1196.66,-132.529,-0.164911,0.036592,-4.50675,6.58271e-06,***,-0.208025,negative,0.208025
C_federal_turnout,outcome_federal_participation_citizen_18plus,Block 2,block2_condo_share,585,0.0437367,-1064.79,0.634171,0,-1233.68,-168.888,0.111627,0.0142881,7.8126,5.55112e-15,***,0.305645,positive,0.305645
C_federal_turnout,outcome_federal_participation_citizen_18plus,Block 2,block2_apartment_share,585,0.0384359,-1061.55,0.597514,0,-1203.23,-141.681,0.077325,0.0148402,5.21051,1.88321e-07,***,0.215229,positive,0.215229
C_federal_turnout,outcome_federal_participation_citizen_18plus,Block 2,block2_detached_share,585,0.020317,-1050.63,0.602422,0,-1196.38,-145.75,-0.0730171,0.0162947,-4.48104,7.42804e-06,***,-0.190506,negative,0.190506
C_federal_turnout,outcome_federal_participation_citizen_18plus,Block 2,block2_semi_detached_share,585,-0.00139745,-1037.81,0.589592,0,-1176.74,-138.929,0.00373513,0.0430519,0.0867586,0.930863,,0.0038799,positive,0.0038799
C_federal_turnout,outcome_federal_participation_citizen_18plus,Block 2,block2_population_density_per_km2,585,0.0213345,-1051.24,0.5875,0,-1187.56,-136.317,1.57655e-06,4.7683e-07,3.3063,0.000945359,***,0.145754,positive,0.145754
C_federal_turnout,outcome_federal_participation_citizen_18plus,Block 3,block3_immigrant_share,585,0.118624,-1112.49,0.519008,0,-1181.46,-68.9664,-0.106511,0.0391327,-2.72179,0.00649291,**,-0.152006,negative,0.152006
C_federal_turnout,outcome_federal_participation_citizen_18plus,Block 3,block3_recent_immigrant_share,585,0.00498899,-1041.55,0.590011,0,-1176.73,-135.182,0.00593537,0.107867,0.0550247,0.956119,,0.00241375,positive,0.00241375
C_federal_turnout,outcome_federal_participation_citizen_18plus,Block 3,block3_non_citizen_share,585,0.0413208,-1063.31,0.571659,0,-1180.14,-116.83,-0.106159,0.0559559,-1.8972,0.0578022,.,-0.0889749,negative,0.0889749
C_federal_turnout,outcome_federal_participation_citizen_18plus,Block 3,block3_citizen_adult_share,585,0.0220558,-1051.67,0.596598,0,-1177.03,-125.354,-0.0267547,0.0470912,-0.568147,0.569935,,-0.0251422,negative,0.0251422
C_federal_turnout,outcome_federal_participation_citizen_18plus,Block 3,block3_visible_minority_share,585,0.179203,-1154.15,0.433265,3.55271e-14,-1202.72,-48.5666,-0.134562,0.0213887,-6.29128,3.14863e-10,***,-0.324776,negative,0.324776
C_federal_turnout,outcome_federal_participation_citizen_18plus,Block 3,block3_english_french_knowledge_share,585,0.0452892,-1065.74,0.562522,0,-1180.84,-115.104,0.268222,0.126039,2.12808,0.0333301,*,0.126832,positive,0.126832
C_federal_turnout,outcome_federal_participation_citizen_18plus,Block 3,block3_non_official_mother_tongue_share,585,0.0842881,-1090.14,0.539232,0,-1183.03,-92.8952,-0.108167,0.0389591,-2.77643,0.00549598,**,-0.159956,negative,0.159956
C_federal_turnout,outcome_federal_participation_citizen_18plus,Block 4,block4_mayoral_top_two_margin,585,0.021408,-1051.28,0.596976,0,-1177.04,-125.756,-0.0238266,0.0408436,-0.583364,0.559649,,-0.028436,negative,0.028436
C_federal_turnout,outcome_federal_participation_citizen_18plus,Block 4,block4_effective_mayoral_candidates_5pct,585,0.111316,-1107.66,0.514529,0,-1188.86,-81.1923,-0.0306587,0.00784051,-3.9103,9.2183e-05,***,-0.220807,negative,0.220807
C_federal_turnout,outcome_federal_participation_citizen_18plus,Block 4,block4_mayoral_vote_fragmentation,585,0.0850527,-1090.62,0.541172,0,-1183.02,-92.3996,-0.278476,0.101019,-2.75668,0.00583913,**,-0.151442,negative,0.151442
C_federal_turnout,outcome_federal_participation_citizen_18plus,Block 4,block4_federal_margin,585,0.023116,-1052.31,0.577737,0,-1178.91,-126.607,0.0714335,0.0474458,1.50558,0.132175,,0.0945175,positive,0.0945175
C_federal_turnout,outcome_federal_participation_citizen_18plus,Block 4,block4_provincial_margin,585,0.0102342,-1044.64,0.587156,0,-1176.84,-132.198,0.0146911,0.0432718,0.339507,0.734228,,0.0180386,positive,0.0180386
C_federal_turnout,outcome_federal_participation_citizen_18plus,Block 4,block4_effective_federal_parties_5pct,585,0.00148599,-1039.49,0.587957,0,-1177.64,-138.145,-0.0361918,0.0378826,-0.955367,0.339392,,-0.0542019,negative,0.0542019
C_federal_turnout,outcome_federal_participation_citizen_18plus,Block 4,block4_effective_provincial_parties_5pct,585,0.0011136,-1039.28,0.588441,0,-1176.83,-137.549,-0.00503445,0.0161526,-0.31168,0.755283,,-0.0169382,negative,0.0169382
C_federal_turnout,outcome_federal_participation_citizen_18plus,Block 5,block5_transit_commute_share_preferred,585,0.00137815,-1039.43,0.589401,0,-1177.68,-138.247,0.0551529,0.0565707,0.974936,0.329592,,0.040665,positive,0.040665
C_federal_turnout,outcome_federal_participation_citizen_18plus,Block 5,block5_no_car_household_share,585,0.0238074,-1052.72,0.579893,0,-1182.21,-129.493,0.0729094,0.0309106,2.35872,0.0183383,*,0.123954,positive,0.123954
C_federal_turnout,outcome_federal_participation_citizen_18plus,Block 5,block5_social_housing_share,585,0.0132814,-1046.45,0.584914,0,-1177.8,-131.355,-0.0241373,0.0231618,-1.04212,0.297358,,-0.0383934,negative,0.0383934
C_federal_turnout,outcome_federal_participation_citizen_18plus,Block 5,block5_requests_311_per_1000,585,0.00452474,-1041.28,0.587745,0,-1176.96,-135.686,7.33997e-07,1.51022e-06,0.486021,0.626953,,0.016779,positive,0.016779
C_federal_turnout,outcome_federal_participation_citizen_18plus,Block 5,block5_library_access_1200m,585,0.00675457,-1042.59,0.592034,0,-1176.9,-134.308,-0.0037109,0.00897138,-0.413638,0.679139,,-0.0166516,negative,0.0166516
C_federal_turnout,outcome_federal_participation_citizen_18plus,Block 5,block5_community_centre_access_1200m,585,0.00639491,-1042.38,0.591983,0,-1184.32,-141.938,-0.0360247,0.013034,-2.76391,0.00571127,**,-0.101388,negative,0.101388
C_federal_turnout,outcome_federal_participation_citizen_18plus,Block 5,block5_school_age_5_17_share,585,0.0436845,-1064.76,0.603524,0,-1211.48,-146.726,-0.672718,0.11225,-5.99305,2.05948e-09,***,-0.280171,negative,0.280171
C_federal_turnout,outcome_federal_participation_citizen_18plus,Block 5,block5_ksi_collision_events_2021_2025_per_1000,585,0.0317341,-1057.49,0.600313,0,-1202.84,-145.352,0.0115308,0.00222862,5.17396,2.2918e-07,***,0.172832,positive,0.172832
C_federal_turnout,outcome_federal_participation_citizen_18plus,Block 5,block5_development_applications_2021_2025_per_1000,585,0.00219128,-1039.91,0.599432,0,-1178.43,-138.522,-0.00058525,0.000441641,-1.32517,0.185114,,-0.0476181,negative,0.0476181
C_federal_turnout,outcome_federal_participation_citizen_18plus,Block 5,block5_shelter_access_1200m,585,0.00690488,-1042.68,0.585911,0,-1177.68,-134.998,0.0105667,0.010809,0.977585,0.32828,,0.0494626,positive,0.0494626
C_federal_turnout,outcome_federal_participation_citizen_18plus,Block 4,block4_mayoral_winner_margin,583,0.0213912,-1045.69,0.601741,0,-1172.15,-126.468,-0.0300342,0.0411655,-0.729596,0.465637,,-0.035843,negative,0.035843
C_federal_turnout,outcome_federal_participation_citizen_18plus,Block 4,block4_mayoral_candidate_count_5pct,583,-0.000886386,-1032.56,0.594322,0,-1172.93,-140.363,-0.00688037,0.00613359,-1.12175,0.261968,,-0.0529648,negative,0.0529648
C_federal_turnout,outcome_federal_participation_citizen_18plus,Block 4,block4_provincial_party_count_5pct,584,0.00872884,-1040.97,0.588235,0,-1175.72,-134.744,-0.0110322,0.0110569,-0.997763,0.318394,,-0.0448969,negative,0.0448969
C_federal_turnout,outcome_federal_participation_citizen_18plus,Block 4,block4_provincial_vote_fragmentation,584,0.0020377,-1037.04,0.590478,0,-1174.92,-137.875,-0.0458151,0.105155,-0.435692,0.66306,,-0.0230439,negative,0.0230439
C_federal_turnout,outcome_federal_participation_citizen_18plus,Block 4,block4_federal_party_count_5pct,583,0.00679027,-1037.05,0.589569,0,-1171.97,-134.916,0.00647798,0.011827,0.547728,0.583879,,0.0316384,positive,0.0316384
C_federal_turnout,outcome_federal_participation_citizen_18plus,Block 4,block4_federal_vote_fragmentation,583,0.00436126,-1035.63,0.591195,0,-1174.23,-138.598,-0.292112,0.182589,-1.59983,0.109636,,-0.0922491,negative,0.0922491
C_federal_turnout,outcome_federal_participation_citizen_18plus,Block 5,block5_tts_no_car_household_share,585,0.0238074,-1052.72,0.579893,0,-1182.21,-129.493,0.0729094,0.0309106,2.35872,0.0183383,*,0.123954,positive,0.123954
C_federal_turnout,outcome_federal_participation_citizen_18plus,Block 5,block5_tts_transit_trip_share,585,0.00137815,-1039.43,0.589401,0,-1177.68,-138.247,0.0551529,0.0565707,0.974936,0.329592,,0.040665,positive,0.040665
C_federal_turnout,outcome_federal_participation_citizen_18plus,Block 5,block5_tts_overlap_area_m2,585,0.00299007,-1040.38,0.59233,0,-1177.08,-136.699,1.44136e-09,2.43546e-09,0.591824,0.553969,,0.0215146,positive,0.0215146
C_federal_turnout,outcome_federal_participation_citizen_18plus,Block 5,block5_library_nearest_m,585,0.00655512,-1042.47,0.593847,0,-1177.08,-134.613,4.87719e-06,8.07102e-06,0.604284,0.545655,,0.0263393,positive,0.0263393
C_federal_turnout,outcome_federal_participation_citizen_18plus,Block 5,block5_library_count_1200m,585,0.0163913,-1048.29,0.593766,0,-1176.87,-128.573,-0.00217804,0.00569455,-0.382478,0.702107,,-0.019333,negative,0.019333
C_federal_turnout,outcome_federal_participation_citizen_18plus,Block 5,block5_community_centre_nearest_m,585,0.0087479,-1043.76,0.593235,0,-1186.96,-143.198,2.98506e-05,9.28742e-06,3.21409,0.00130858,**,0.121478,positive,0.121478
C_federal_turnout,outcome_federal_participation_citizen_18plus,Block 5,block5_community_centre_count_1200m,585,0.00198678,-1039.79,0.587804,0,-1178.23,-138.441,-0.00355562,0.00289945,-1.22631,0.220083,,-0.0545788,negative,0.0545788
C_federal_turnout,outcome_federal_participation_citizen_18plus,Block 5,block5_park_nearest_m,585,-0.000710493,-1038.21,0.591831,0,-1177.15,-138.942,-1.8327e-05,2.81227e-05,-0.651681,0.514607,,-0.022564,negative,0.022564
C_federal_turnout,outcome_federal_participation_citizen_18plus,Block 5,block5_park_count_1200m,585,0.000835879,-1039.11,0.589808,0,-1176.73,-137.616,-1.21481e-05,0.000477767,-0.0254269,0.979714,,-0.00137909,negative,0.00137909
C_federal_turnout,outcome_federal_participation_citizen_18plus,Block 5,block5_shelter_nearest_m,585,0.00844654,-1043.59,0.586675,0,-1176.83,-133.244,-1.3388e-06,4.10621e-06,-0.326042,0.744392,,-0.023243,negative,0.023243
C_federal_turnout,outcome_federal_participation_citizen_18plus,Block 5,block5_shelter_count_1200m,585,0.0023456,-1040,0.587887,0,-1177.19,-137.192,0.00223053,0.00327613,0.680842,0.495972,,0.0443614,positive,0.0443614
C_federal_turnout,outcome_federal_participation_citizen_18plus,Block 5,block5_ksi_collision_events_2021_2025,585,-0.00169123,-1037.64,0.590188,0,-1176.89,-139.253,0.000510455,0.00127576,0.400118,0.68907,,0.0144445,positive,0.0144445
C_federal_turnout,outcome_federal_participation_citizen_18plus,Block 5,block5_development_applications_2021_2025,585,0.0202474,-1050.59,0.586141,0,-1176.87,-126.284,7.09469e-05,0.00018157,0.390742,0.695988,,0.0156098,positive,0.0156098
C_federal_turnout,outcome_federal_participation_citizen_18plus,Block 5,block5_requests_311_2023_2025_estimated_count,585,0.00945544,-1044.18,0.585652,0,-1177.39,-133.21,1.3549e-06,1.65219e-06,0.820064,0.41218,,0.0294108,positive,0.0294108
C_federal_turnout,outcome_federal_participation_citizen_18plus,Block 2,block2_structural_type_total_dwellings,585,0.0209868,-1051.03,0.580139,0,-1180.22,-129.187,7.06532e-06,3.74939e-06,1.88439,0.0595123,.,0.0753436,positive,0.0753436
C_federal_turnout,outcome_federal_participation_citizen_18plus,Block 2,block2_apartment_duplex_count,585,0.0432129,-1064.47,0.577337,0,-1191.41,-126.945,-0.000181216,4.68614e-05,-3.86706,0.000110154,***,-0.157652,negative,0.157652
C_federal_turnout,outcome_federal_participation_citizen_18plus,Block 2,block2_apartment_lt5_storeys_count,585,0.0306226,-1056.82,0.58801,0,-1176.75,-119.929,1.97863e-06,1.37711e-05,0.14368,0.885753,,0.00628589,positive,0.00628589
C_federal_turnout,outcome_federal_participation_citizen_18plus,Block 2,block2_apartment_5plus_storeys_count,585,0.0242965,-1053.01,0.591058,0,-1192.72,-139.708,1.42665e-05,3.54301e-06,4.02666,5.65751e-05,***,0.174552,positive,0.174552
C_federal_turnout,outcome_federal_participation_citizen_18plus,Block 2,block2_apartment_total_count,585,0.036682,-1060.49,0.578819,0,-1190.74,-130.249,1.33573e-05,3.53938e-06,3.77393,0.000160699,***,0.160886,positive,0.160886
C_federal_turnout,outcome_federal_participation_citizen_18plus,Block 2,block2_condo_status_total_dwellings,585,0.0204138,-1050.69,0.580319,0,-1179.71,-129.022,6.58262e-06,3.77605e-06,1.74326,0.0812888,.,0.0697723,positive,0.0697723
C_federal_turnout,outcome_federal_participation_citizen_18plus,Block 2,block2_condominium_dwellings_count,585,0.0314278,-1057.31,0.596273,0,-1201.03,-143.726,2.02469e-05,4.06249e-06,4.98386,6.23284e-07,***,0.21353,positive,0.21353
C_federal_turnout,outcome_federal_participation_citizen_18plus,Block 2,block2_apartments_per_km2,585,0.0266747,-1054.44,0.58842,0,-1191.74,-137.299,3.23617e-06,8.29885e-07,3.89954,9.63772e-05,***,0.179157,positive,0.179157
C_federal_turnout,outcome_federal_participation_citizen_18plus,Block 2,block2_condos_per_km2,585,0.0181451,-1049.34,0.600246,0,-1194.72,-145.385,4.67675e-06,1.09217e-06,4.28208,1.85157e-05,***,0.191902,positive,0.191902
D_federal_minus_municipal,outcome_federal_minus_municipal_participation,Block 1,block1_age_18_34_share,585,0.0612523,-1237.64,0.435736,0,-1295.16,-57.5276,0.28538,0.0490865,5.81382,6.10636e-09,***,0.283449,positive,0.283449
D_federal_minus_municipal,outcome_federal_minus_municipal_participation,Block 1,block1_age_35_64_share,585,0.0352454,-1221.65,0.41925,1.37668e-14,-1270.52,-48.8654,-0.246367,0.0841657,-2.92717,0.00342064,**,-0.128257,negative,0.128257
D_federal_minus_municipal,outcome_federal_minus_municipal_participation,Block 1,block1_age_65_plus_share,585,0.00633299,-1204.38,0.448764,0,-1265.89,-61.5167,-0.0827526,0.0441853,-1.87285,0.0610885,.,-0.0763238,negative,0.0763238
D_federal_minus_municipal,outcome_federal_minus_municipal_participation,Block 1,block1_median_age,585,0.0307578,-1218.94,0.435586,0,-1275.85,-56.9106,-0.00229497,0.000619998,-3.70157,0.000214266,***,-0.156988,negative,0.156988
D_federal_minus_municipal,outcome_federal_minus_municipal_participation,Block 1,block1_average_household_size,585,0.000788399,-1201.12,0.502663,0,-1276.02,-74.8957,-0.036687,0.00953738,-3.84666,0.000119739,***,-0.204276,negative,0.204276
D_federal_minus_municipal,outcome_federal_minus_municipal_participation,Block 1,block1_bachelors_or_higher_25_64_share,585,0.0313156,-1219.27,0.428265,6.66134e-16,-1273.31,-54.0378,-0.0929053,0.0277347,-3.34978,0.000808747,***,-0.187922,negative,0.187922
D_federal_minus_municipal,outcome_federal_minus_municipal_participation,Block 1,block1_low_income_lim_at_share,585,0.0994003,-1261.91,0.404352,2.64233e-14,-1310.74,-48.8346,0.433691,0.0605564,7.16177,7.96474e-13,***,0.298876,positive,0.298876
D_federal_minus_municipal,outcome_federal_minus_municipal_participation,Block 1,block1_unemployment_rate_share,585,0.0385607,-1223.66,0.419377,9.76996e-15,-1273.25,-49.5812,0.344888,0.102411,3.36767,0.000758052,***,0.147833,positive,0.147833
D_federal_minus_municipal,outcome_federal_minus_municipal_participation,Block 2,block2_renter_share,585,0.057216,-1235.13,0.444246,0,-1297,-61.8702,0.100884,0.0168931,5.97188,2.34529e-09,***,0.251091,positive,0.251091
D_federal_minus_municipal,outcome_federal_minus_municipal_participation,Block 2,block2_owner_share,585,0.0571149,-1235.06,0.444449,0,-1297,-61.9383,-0.100973,0.016907,-5.97226,2.33982e-09,***,-0.251073,negative,0.251073
D_federal_minus_municipal,outcome_federal_minus_municipal_participation,Block 2,block2_same_address_1yr_share,585,0.0308262,-1218.98,0.46776,0,-1287.39,-68.4131,-0.303371,0.0599192,-5.063,4.127e-07,***,-0.254581,negative,0.254581
D_federal_minus_municipal,outcome_federal_minus_municipal_participation,Block 2,block2_same_address_5yr_share,585,0.0579881,-1235.61,0.454208,0,-1301.32,-65.7133,-0.204536,0.0322407,-6.34403,2.23835e-10,***,-0.296333,negative,0.296333
D_federal_minus_municipal,outcome_federal_minus_municipal_participation,Block 2,block2_condo_share,585,0.111074,-1269.54,0.39557,1.54543e-13,-1315.64,-46.103,0.0993099,0.0131532,7.55026,4.35207e-14,***,0.312309,positive,0.312309
D_federal_minus_municipal,outcome_federal_minus_municipal_participation,Block 2,block2_apartment_share,585,0.107269,-1267.04,0.461908,0,-1338.02,-70.976,0.117269,0.0130488,8.987,0,***,0.374895,positive,0.374895
D_federal_minus_municipal,outcome_federal_minus_municipal_participation,Block 2,block2_detached_share,585,0.0941197,-1258.49,0.484138,0,-1336.96,-78.4711,-0.127306,0.0142357,-8.94271,0,***,-0.381484,negative,0.381484
D_federal_minus_municipal,outcome_federal_minus_municipal_participation,Block 2,block2_semi_detached_share,585,0.0178387,-1211.19,0.433693,4.44089e-16,-1266.25,-55.0612,-0.0769932,0.0385655,-1.99643,0.0458875,*,-0.0918573,negative,0.0918573
D_federal_minus_municipal,outcome_federal_minus_municipal_participation,Block 2,block2_population_density_per_km2,585,0.0284846,-1217.56,0.468025,0,-1287.46,-69.9001,2.16389e-06,4.26711e-07,5.07109,3.95539e-07,***,0.229772,positive,0.229772
D_federal_minus_municipal,outcome_federal_minus_municipal_participation,Block 3,block3_immigrant_share,585,0.168868,-1308.87,0.35223,7.07598e-10,-1341.2,-32.3374,0.279193,0.0296862,9.40483,0,***,0.457633,positive,0.457633
D_federal_minus_municipal,outcome_federal_minus_municipal_participation,Block 3,block3_recent_immigrant_share,585,0.204667,-1334.62,0.281024,3.50098e-06,-1352.68,-18.0632,0.903414,0.0862716,10.4717,0,***,0.421966,positive,0.421966
D_federal_minus_municipal,outcome_federal_minus_municipal_participation,Block 3,block3_non_citizen_share,585,0.166314,-1307.07,0.322839,2.35761e-08,-1333.65,-26.5829,0.406922,0.0448021,9.08266,0,***,0.391711,positive,0.391711
D_federal_minus_municipal,outcome_federal_minus_municipal_participation,Block 3,block3_citizen_adult_share,585,0.174171,-1312.61,0.349371,7.24452e-10,-1344.91,-32.2969,-0.372604,0.0386447,-9.6418,0,***,-0.402158,negative,0.402158
D_federal_minus_municipal,outcome_federal_minus_municipal_participation,Block 3,block3_visible_minority_share,585,0.140814,-1289.44,0.384569,9.78884e-12,-1328.79,-39.3429,0.156252,0.0183957,8.49396,0,***,0.433145,positive,0.433145
D_federal_minus_municipal,outcome_federal_minus_municipal_participation,Block 3,block3_english_french_knowledge_share,585,0.0037577,-1202.86,0.446069,0,-1263.65,-60.7842,-0.118575,0.10562,-1.12265,0.261584,,-0.0643984,negative,0.0643984
D_federal_minus_municipal,outcome_federal_minus_municipal_participation,Block 3,block3_non_official_mother_tongue_share,585,0.125337,-1279,0.360005,1.10715e-10,-1314.35,-35.3544,0.22573,0.0297261,7.59366,3.10862e-14,***,0.383388,positive,0.383388
D_federal_minus_municipal,outcome_federal_minus_municipal_participation,Block 4,block4_mayoral_top_two_margin,585,0.0439174,-1226.93,0.426534,8.88178e-16,-1280.63,-53.6964,-0.151973,0.035088,-4.3312,1.48299e-05,***,-0.208314,negative,0.208314
D_federal_minus_municipal,outcome_federal_minus_municipal_participation,Block 4,block4_effective_mayoral_candidates_5pct,585,0.106666,-1266.64,0.390462,2.82174e-12,-1307.87,-41.2286,0.0442458,0.00633552,6.98376,2.8737e-12,***,0.365996,positive,0.365996
D_federal_minus_municipal,outcome_federal_minus_municipal_participation,Block 4,block4_mayoral_vote_fragmentation,585,0.108955,-1268.15,0.377217,1.37117e-11,-1306.79,-38.6437,0.558733,0.0803958,6.94978,3.65863e-12,***,0.348986,positive,0.348986
D_federal_minus_municipal,outcome_federal_minus_municipal_participation,Block 4,block4_federal_margin,585,0.0246325,-1215.25,0.422837,1.08802e-14,-1265.4,-50.1544,-0.0689286,0.0378104,-1.82301,0.0683024,.,-0.10475,negative,0.10475
D_federal_minus_municipal,outcome_federal_minus_municipal_participation,Block 4,block4_provincial_margin,585,0.0104878,-1206.83,0.443276,0,-1266.27,-59.4442,-0.0731604,0.0369893,-1.97788,0.0479424,*,-0.103174,negative,0.103174
D_federal_minus_municipal,outcome_federal_minus_municipal_participation,Block 4,block4_effective_federal_parties_5pct,585,0.000174847,-1200.76,0.449946,0,-1262.49,-61.7295,-0.00978708,0.032002,-0.305827,0.759737,,-0.0168346,negative,0.0168346
D_federal_minus_municipal,outcome_federal_minus_municipal_participation,Block 4,block4_effective_provincial_parties_5pct,585,-0.00169295,-1199.67,0.455635,0,-1263.05,-63.3845,0.0112541,0.0138345,0.81348,0.415943,,0.0434883,positive,0.0434883
D_federal_minus_municipal,outcome_federal_minus_municipal_participation,Block 5,block5_transit_commute_share_preferred,585,0.0194218,-1212.13,0.475675,0,-1283.9,-71.7678,0.241068,0.0512471,4.70403,2.55071e-06,***,0.204145,positive,0.204145
D_federal_minus_municipal,outcome_federal_minus_municipal_participation,Block 5,block5_no_car_household_share,585,0.0017741,-1201.7,0.501352,0,-1275.78,-74.0812,0.104324,0.0273954,3.80808,0.00014005,***,0.203707,positive,0.203707
D_federal_minus_municipal,outcome_federal_minus_municipal_participation,Block 5,block5_social_housing_share,585,0.0151983,-1209.62,0.447989,0,-1271.23,-61.6106,0.064778,0.0217104,2.98373,0.00284755,**,0.118343,positive,0.118343
D_federal_minus_municipal,outcome_federal_minus_municipal_participation,Block 5,block5_requests_311_per_1000,585,0.013595,-1208.67,0.451432,0,-1270.87,-62.2014,-4.17933e-06,1.43087e-06,-2.92083,0.00349098,**,-0.10973,negative,0.10973
D_federal_minus_municipal,outcome_federal_minus_municipal_participation,Block 5,block5_library_access_1200m,585,0.00197518,-1201.82,0.453941,0,-1262.46,-60.6416,0.00204688,0.00830557,0.246447,0.805336,,0.0105491,positive,0.0105491
D_federal_minus_municipal,outcome_federal_minus_municipal_participation,Block 5,block5_community_centre_access_1200m,585,0.00659302,-1204.53,0.449059,0,-1265.87,-61.3402,-0.0230112,0.0123294,-1.86638,0.0619889,.,-0.0743824,negative,0.0743824
D_federal_minus_municipal,outcome_federal_minus_municipal_participation,Block 5,block5_school_age_5_17_share,585,0.0156278,-1209.87,0.454756,0,-1274.54,-64.6647,-0.355155,0.101389,-3.50289,0.000460243,***,-0.169885,negative,0.169885
D_federal_minus_municipal,outcome_federal_minus_municipal_participation,Block 5,block5_ksi_collision_events_2021_2025_per_1000,585,0.000736187,-1201.09,0.450895,0,-1263.42,-62.3272,0.00220977,0.00218826,1.00983,0.312577,,0.0380415,positive,0.0380415
D_federal_minus_municipal,outcome_federal_minus_municipal_participation,Block 5,block5_development_applications_2021_2025_per_1000,585,0.000785027,-1201.12,0.468032,0,-1267.64,-66.5246,-0.000966732,0.000417178,-2.31731,0.0204868,*,-0.0903404,negative,0.0903404
D_federal_minus_municipal,outcome_federal_minus_municipal_participation,Block 5,block5_shelter_access_1200m,585,-0.000425478,-1200.41,0.454022,0,-1262.52,-62.1083,0.00330726,0.00946377,0.349465,0.72674,,0.0177809,positive,0.0177809
D_federal_minus_municipal,outcome_federal_minus_municipal_participation,Block 4,block4_mayoral_winner_margin,583,0.0439187,-1220.73,0.435773,2.22045e-16,-1275.94,-55.2039,-0.155493,0.035347,-4.39902,1.08739e-05,***,-0.213128,negative,0.213128
D_federal_minus_municipal,outcome_federal_minus_municipal_participation,Block 4,block4_mayoral_candidate_count_5pct,583,0.0143942,-1203,0.444595,2.22045e-16,-1257.92,-54.9155,0.00520349,0.00545439,0.954,0.340083,,0.0460057,positive,0.0460057
D_federal_minus_municipal,outcome_federal_minus_municipal_participation,Block 4,block4_provincial_party_count_5pct,584,0.0098907,-1203.41,0.455035,0,-1266.53,-63.1196,0.0251228,0.00994485,2.52622,0.0115299,*,0.117427,positive,0.117427
D_federal_minus_municipal,outcome_federal_minus_municipal_participation,Block 4,block4_provincial_vote_fragmentation,584,-0.00156528,-1196.69,0.461379,0,-1261.19,-64.4995,0.0917996,0.091045,1.00829,0.313316,,0.0530313,positive,0.0530313
D_federal_minus_municipal,outcome_federal_minus_municipal_participation,Block 4,block4_federal_party_count_5pct,583,0.0237246,-1208.55,0.429799,8.43769e-15,-1259.24,-50.6963,-0.0152961,0.00976351,-1.56666,0.117195,,-0.0858017,negative,0.0858017
D_federal_minus_municipal,outcome_federal_minus_municipal_participation,Block 4,block4_federal_vote_fragmentation,583,-0.000511,-1194.25,0.455648,0,-1257.21,-62.957,-0.0586101,0.153685,-0.381365,0.702932,,-0.0212582,negative,0.0212582
D_federal_minus_municipal,outcome_federal_minus_municipal_participation,Block 5,block5_tts_no_car_household_share,585,0.0017741,-1201.7,0.501352,0,-1275.78,-74.0812,0.104324,0.0273954,3.80808,0.00014005,***,0.203707,positive,0.203707
D_federal_minus_municipal,outcome_federal_minus_municipal_participation,Block 5,block5_tts_transit_trip_share,585,0.0194218,-1212.13,0.475675,0,-1283.9,-71.7678,0.241068,0.0512471,4.70403,2.55071e-06,***,0.204145,positive,0.204145
D_federal_minus_municipal,outcome_federal_minus_municipal_participation,Block 5,block5_tts_overlap_area_m2,585,-0.000752649,-1200.22,0.454584,0,-1262.69,-62.4738,-1.26551e-09,2.32045e-09,-0.545372,0.585498,,-0.0216955,negative,0.0216955
D_federal_minus_municipal,outcome_federal_minus_municipal_participation,Block 5,block5_library_nearest_m,585,0.00225314,-1201.98,0.453537,0,-1262.44,-60.4587,-1.46757e-06,7.32438e-06,-0.200368,0.841193,,-0.00910287,negative,0.00910287
D_federal_minus_municipal,outcome_federal_minus_municipal_participation,Block 5,block5_library_count_1200m,585,0.0249086,-1215.42,0.42609,8.43769e-15,-1265.16,-49.7457,-0.00851896,0.0049075,-1.73591,0.0825806,.,-0.086849,negative,0.086849
D_federal_minus_municipal,outcome_federal_minus_municipal_participation,Block 5,block5_community_centre_nearest_m,585,0.00132384,-1201.43,0.452767,0,-1264.24,-62.8017,1.18758e-05,8.7537e-06,1.35666,0.174889,,0.0555075,positive,0.0555075
D_federal_minus_municipal,outcome_federal_minus_municipal_participation,Block 5,block5_community_centre_count_1200m,585,-0.00169692,-1199.67,0.452741,0,-1262.65,-62.9795,-0.0013052,0.00261736,-0.498671,0.618011,,-0.0230108,negative,0.0230108
D_federal_minus_municipal,outcome_federal_minus_municipal_participation,Block 5,block5_park_nearest_m,585,0.0015972,-1201.59,0.450969,0,-1264.25,-62.6536,-3.65213e-05,2.68338e-05,-1.36102,0.173507,,-0.0516436,negative,0.0516436
D_federal_minus_municipal,outcome_federal_minus_municipal_participation,Block 5,block5_park_count_1200m,585,4.42999e-05,-1200.69,0.453546,0,-1262.46,-61.7776,0.00010417,0.00040743,0.255675,0.798202,,0.0135823,positive,0.0135823
D_federal_minus_municipal,outcome_federal_minus_municipal_participation,Block 5,block5_shelter_nearest_m,585,0.00304009,-1202.44,0.447499,0,-1263.02,-60.5832,2.50318e-06,3.14909e-06,0.79489,0.426677,,0.0499133,positive,0.0499133
D_federal_minus_municipal,outcome_federal_minus_municipal_participation,Block 5,block5_shelter_count_1200m,585,-0.000877128,-1200.15,0.453375,0,-1263.36,-63.2093,0.00257081,0.00262536,0.97922,0.327471,,0.0587237,positive,0.0587237
D_federal_minus_municipal,outcome_federal_minus_municipal_participation,Block 5,block5_ksi_collision_events_2021_2025,585,0.00936118,-1206.16,0.444032,0,-1264.19,-58.0334,0.00163487,0.00121158,1.34937,0.177217,,0.0531343,positive,0.0531343
D_federal_minus_municipal,outcome_federal_minus_municipal_participation,Block 5,block5_development_applications_2021_2025,585,0.00398816,-1203,0.449766,0,-1262.43,-59.4302,2.9143e-05,0.000168564,0.17289,0.862738,,0.00736448,positive,0.00736448
D_federal_minus_municipal,outcome_federal_minus_municipal_participation,Block 5,block5_requests_311_2023_2025_estimated_count,585,0.0142007,-1209.03,0.450544,0,-1271.55,-62.5269,-4.72627e-06,1.55593e-06,-3.03759,0.00238482,**,-0.117832,negative,0.117832
D_federal_minus_municipal,outcome_federal_minus_municipal_participation,Block 2,block2_structural_type_total_dwellings,585,0.0368308,-1222.61,0.424237,8.88178e-16,-1276.42,-53.8055,1.30893e-05,3.44042e-06,3.80455,0.000142063,***,0.160315,positive,0.160315
D_federal_minus_municipal,outcome_federal_minus_municipal_participation,Block 2,block2_apartment_duplex_count,585,0.0121021,-1207.78,0.457521,0,-1273.1,-65.3204,-0.000142832,4.34315e-05,-3.28868,0.00100657,**,-0.142716,negative,0.142716
D_federal_minus_municipal,outcome_federal_minus_municipal_participation,Block 2,block2_apartment_lt5_storeys_count,585,0.0151049,-1209.56,0.439611,4.44089e-16,-1263.29,-53.7301,-1.2183e-05,1.25015e-05,-0.97452,0.329798,,-0.0444529,negative,0.0444529
D_federal_minus_municipal,outcome_federal_minus_municipal_participation,Block 2,block2_apartment_5plus_storeys_count,585,0.0993145,-1261.85,0.405257,1.28786e-14,-1311.87,-50.0239,2.24129e-05,3.09353e-06,7.2451,4.32099e-13,***,0.314958,positive,0.314958
D_federal_minus_municipal,outcome_federal_minus_municipal_participation,Block 2,block2_apartment_total_count,585,0.0767846,-1247.4,0.426227,0,-1304.72,-57.3231,2.08669e-05,3.14052e-06,6.6444,3.04448e-11,***,0.288669,positive,0.288669
D_federal_minus_municipal,outcome_federal_minus_municipal_participation,Block 2,block2_condo_status_total_dwellings,585,0.0363837,-1222.34,0.422954,1.33227e-15,-1275.63,-53.2898,1.28237e-05,3.46515e-06,3.70077,0.000214949,***,0.156115,positive,0.156115
D_federal_minus_municipal,outcome_federal_minus_municipal_participation,Block 2,block2_condominium_dwellings_count,585,0.0824712,-1251.01,0.404158,2.57572e-14,-1299.99,-48.9786,2.28279e-05,3.62247e-06,6.30174,2.94317e-10,***,0.276511,positive,0.276511
D_federal_minus_municipal,outcome_federal_minus_municipal_participation,Block 2,block2_apartments_per_km2,585,0.0306395,-1218.86,0.466407,0,-1287.81,-68.9415,3.76198e-06,7.37054e-07,5.10408,3.32402e-07,***,0.239202,positive,0.239202
D_federal_minus_municipal,outcome_federal_minus_municipal_participation,Block 2,block2_condos_per_km2,585,0.0448651,-1227.51,0.445953,0,-1289.67,-62.1608,5.1237e-06,9.69447e-07,5.28518,1.2558e-07,***,0.241471,positive,0.241471
E_mean_turnout,outcome_mean_participation_citizen_18plus,Block 1,block1_age_18_34_share,585,0.0169194,-1204.79,0.749266,0,-1524.89,-320.102,-0.175676,0.0447697,-3.92399,8.70939e-05,***,-0.173617,negative,0.173617
E_mean_turnout,outcome_mean_participation_citizen_18plus,Block 1,block1_age_35_64_share,585,0.0184048,-1205.67,0.777366,0,-1525.67,-319.998,-0.280471,0.0677796,-4.13798,3.50371e-05,***,-0.145282,negative,0.145282
E_mean_turnout,outcome_mean_participation_citizen_18plus,Block 1,block1_age_65_plus_share,585,0.031425,-1213.49,0.771841,0,-1572.24,-358.754,0.264415,0.0323839,8.16503,4.44089e-16,***,0.242657,positive,0.242657
E_mean_turnout,outcome_mean_participation_citizen_18plus,Block 1,block1_median_age,585,0.0524251,-1226.31,0.763604,0,-1572.9,-346.586,0.00387161,0.00047292,8.1866,2.22045e-16,***,0.263517,positive,0.263517
E_mean_turnout,outcome_mean_participation_citizen_18plus,Block 1,block1_average_household_size,585,0.234271,-1350.96,0.710514,0,-1591.49,-240.534,-0.0747634,0.00790831,-9.45377,0,***,-0.414211,negative,0.414211
E_mean_turnout,outcome_mean_participation_citizen_18plus,Block 1,block1_bachelors_or_higher_25_64_share,585,0.305545,-1408.11,0.638842,0,-1585.21,-177.097,0.247345,0.025625,9.6525,0,***,0.497816,positive,0.497816
E_mean_turnout,outcome_mean_participation_citizen_18plus,Block 1,block1_low_income_lim_at_share,585,0.037985,-1217.46,0.742308,0,-1511.24,-293.778,-0.0647604,0.0515245,-1.25689,0.208795,,-0.0444066,negative,0.0444066
E_mean_turnout,outcome_mean_participation_citizen_18plus,Block 1,block1_unemployment_rate_share,585,0.281477,-1388.18,0.702026,0,-1601.06,-212.881,-0.789688,0.0784644,-10.0643,0,***,-0.336802,negative,0.336802
E_mean_turnout,outcome_mean_participation_citizen_18plus,Block 2,block2_renter_share,585,0.00488533,-1197.67,0.753871,0,-1526.87,-329.196,-0.0576458,0.0137938,-4.1791,2.92662e-05,***,-0.14276,negative,0.14276
E_mean_turnout,outcome_mean_participation_citizen_18plus,Block 2,block2_owner_share,585,0.00458862,-1197.5,0.753563,0,-1526.16,-328.661,0.0564956,0.013812,4.09032,4.30788e-05,***,0.139777,positive,0.139777
E_mean_turnout,outcome_mean_participation_citizen_18plus,Block 2,block2_same_address_1yr_share,585,0.02276,-1208.28,0.74418,0,-1511.75,-303.477,-0.0784674,0.0544592,-1.44085,0.149628,,-0.0655191,negative,0.0655191
E_mean_turnout,outcome_mean_participation_citizen_18plus,Block 2,block2_same_address_5yr_share,585,0.0126419,-1202.25,0.746726,0,-1512.65,-310.398,-0.049069,0.0285088,-1.72119,0.0852162,.,-0.070737,negative,0.070737
E_mean_turnout,outcome_mean_participation_citizen_18plus,Block 2,block2_condo_share,585,0.00532203,-1197.93,0.783371,0,-1556.2,-358.272,0.0750203,0.0106279,7.05881,1.67932e-12,***,0.234746,positive,0.234746
E_mean_turnout,outcome_mean_participation_citizen_18plus,Block 2,block2_apartment_share,585,0.0061505,-1198.42,0.752325,0,-1515.95,-317.532,0.0283588,0.011292,2.5114,0.0120252,*,0.0902074,positive,0.0902074
E_mean_turnout,outcome_mean_participation_citizen_18plus,Block 2,block2_detached_share,585,0.000495393,-1195.1,0.750659,0,-1512.47,-317.375,-0.0207578,0.0124246,-1.6707,0.0947812,.,-0.0618924,negative,0.0618924
E_mean_turnout,outcome_mean_participation_citizen_18plus,Block 2,block2_semi_detached_share,585,0.00723407,-1199.05,0.746453,0,-1510.04,-310.987,0.0193317,0.0326851,0.591454,0.554216,,0.0229488,positive,0.0229488
E_mean_turnout,outcome_mean_participation_citizen_18plus,Block 2,block2_population_density_per_km2,585,0.00860543,-1199.86,0.747517,0,-1511.61,-311.752,5.08783e-07,3.66822e-07,1.387,0.165442,,0.0537553,positive,0.0537553
E_mean_turnout,outcome_mean_participation_citizen_18plus,Block 3,block3_immigrant_share,585,0.327484,-1426.89,0.619206,0,-1528.93,-102.04,-0.186797,0.031465,-5.93667,2.90864e-09,***,-0.304656,negative,0.304656
E_mean_turnout,outcome_mean_participation_citizen_18plus,Block 3,block3_recent_immigrant_share,585,0.0989227,-1255.74,0.728654,0,-1526.19,-270.45,-0.333361,0.0805795,-4.13705,3.51798e-05,***,-0.15493,negative,0.15493
E_mean_turnout,outcome_mean_participation_citizen_18plus,Block 3,block3_non_citizen_share,585,0.17263,-1305.67,0.710334,0,-1537.28,-231.614,-0.230885,0.042366,-5.44977,5.04352e-08,***,-0.221146,negative,0.221146
E_mean_turnout,outcome_mean_participation_citizen_18plus,Block 3,block3_citizen_adult_share,585,0.123037,-1271.61,0.730071,0,-1514.04,-242.424,0.0767665,0.0354895,2.16308,0.0305352,*,0.082442,positive,0.082442
E_mean_turnout,outcome_mean_participation_citizen_18plus,Block 3,block3_visible_minority_share,585,0.410792,-1504.26,0.523964,0,-1586.53,-82.2738,-0.19153,0.0166846,-11.4794,0,***,-0.528288,negative,0.528288
E_mean_turnout,outcome_mean_participation_citizen_18plus,Block 3,block3_english_french_knowledge_share,585,0.0688682,-1236.55,0.735969,0,-1511.07,-274.521,0.135261,0.109621,1.23389,0.217243,,0.0730941,positive,0.0730941
E_mean_turnout,outcome_mean_participation_citizen_18plus,Block 3,block3_non_official_mother_tongue_share,585,0.239545,-1355,0.668574,0,-1530.31,-175.312,-0.168069,0.0322436,-5.21247,1.86339e-07,***,-0.28403,negative,0.28403
E_mean_turnout,outcome_mean_participation_citizen_18plus,Block 4,block4_mayoral_top_two_margin,585,0.0814141,-1244.49,0.742127,0,-1510.31,-265.82,0.025402,0.0316207,0.803335,0.421781,,0.0346456,positive,0.0346456
E_mean_turnout,outcome_mean_participation_citizen_18plus,Block 4,block4_effective_mayoral_candidates_5pct,585,0.284835,-1390.92,0.648203,0,-1552.23,-161.301,-0.0473972,0.00644383,-7.35544,1.90292e-13,***,-0.390108,negative,0.390108
E_mean_turnout,outcome_mean_participation_citizen_18plus,Block 4,block4_mayoral_vote_fragmentation,585,0.243479,-1358.04,0.675479,0,-1537.6,-179.558,-0.473102,0.08135,-5.81563,6.04067e-09,***,-0.294026,negative,0.294026
E_mean_turnout,outcome_mean_participation_citizen_18plus,Block 4,block4_federal_margin,585,0.0725543,-1238.87,0.736743,0,-1511.53,-272.663,0.0576421,0.041085,1.403,0.160617,,0.0871614,positive,0.0871614
E_mean_turnout,outcome_mean_participation_citizen_18plus,Block 4,block4_provincial_margin,585,0.0320793,-1213.88,0.742828,0,-1511.41,-297.529,0.0456653,0.0345683,1.32102,0.186496,,0.0640781,positive,0.0640781
E_mean_turnout,outcome_mean_participation_citizen_18plus,Block 4,block4_effective_federal_parties_5pct,585,-0.000846553,-1194.31,0.748364,0,-1510.71,-316.398,-0.0312429,0.0309804,-1.00847,0.313227,,-0.0534725,negative,0.0534725
E_mean_turnout,outcome_mean_participation_citizen_18plus,Block 4,block4_effective_provincial_parties_5pct,585,0.000975078,-1195.38,0.74713,0,-1510.78,-315.402,-0.0136187,0.0130619,-1.04263,0.297121,,-0.0523631,negative,0.0523631
E_mean_turnout,outcome_mean_participation_citizen_18plus,Block 5,block5_transit_commute_share_preferred,585,-0.00170928,-1193.81,0.748652,0,-1511.92,-318.11,-0.0628496,0.0421028,-1.49277,0.135499,,-0.0529577,negative,0.0529577
E_mean_turnout,outcome_mean_participation_citizen_18plus,Block 5,block5_no_car_household_share,585,0.0286412,-1211.81,0.746627,0,-1509.81,-298.001,0.00842617,0.0248017,0.339742,0.734051,,0.0163712,positive,0.0163712
E_mean_turnout,outcome_mean_participation_citizen_18plus,Block 5,block5_social_housing_share,585,0.0346827,-1215.46,0.743996,0,-1518.82,-303.367,-0.0507531,0.0167175,-3.03592,0.00239803,**,-0.092258,negative,0.092258
E_mean_turnout,outcome_mean_participation_citizen_18plus,Block 5,block5_requests_311_per_1000,585,0.0180376,-1205.46,0.744668,0,-1513.51,-308.056,2.126e-06,1.08482e-06,1.95978,0.0500214,.,0.0555406,positive,0.0555406
E_mean_turnout,outcome_mean_participation_citizen_18plus,Block 5,block5_library_access_1200m,585,0.0170314,-1204.86,0.752791,0,-1511.56,-306.701,-0.00912113,0.00663464,-1.37477,0.169201,,-0.0467735,negative,0.0467735
E_mean_turnout,outcome_mean_participation_citizen_18plus,Block 5,block5_community_centre_access_1200m,585,-0.000356716,-1194.6,0.748396,0,-1513.1,-318.506,-0.0176357,0.00953608,-1.84936,0.0644055,.,-0.0567218,negative,0.0567218
E_mean_turnout,outcome_mean_participation_citizen_18plus,Block 5,block5_school_age_5_17_share,585,0.0360238,-1216.27,0.765696,0,-1551.33,-335.061,-0.565909,0.0858018,-6.59553,4.23728e-11,***,-0.269346,negative,0.269346
E_mean_turnout,outcome_mean_participation_citizen_18plus,Block 5,block5_ksi_collision_events_2021_2025_per_1000,585,0.0231101,-1208.49,0.759294,0,-1539.79,-331.302,0.00884333,0.00158785,5.56936,2.55678e-08,***,0.15148,positive,0.15148
E_mean_turnout,outcome_mean_participation_citizen_18plus,Block 5,block5_development_applications_2021_2025_per_1000,585,0.00729102,-1199.09,0.749246,0,-1509.94,-310.848,-0.000158399,0.000320855,-0.493677,0.621534,,-0.0147284,negative,0.0147284
E_mean_turnout,outcome_mean_participation_citizen_18plus,Block 5,block5_shelter_access_1200m,585,0.0176994,-1205.25,0.746657,0,-1509.87,-304.616,0.00359361,0.00853951,0.420821,0.673886,,0.019224,positive,0.019224
E_mean_turnout,outcome_mean_participation_citizen_18plus,Block 4,block4_mayoral_winner_margin,583,0.0814113,-1238.22,0.742461,0,-1503.07,-264.847,0.0237526,0.0319569,0.74327,0.457318,,0.0323944,positive,0.0323944
E_mean_turnout,outcome_mean_participation_citizen_18plus,Block 4,block4_mayoral_candidate_count_5pct,583,0.00982501,-1194.47,0.747252,0,-1504.95,-310.473,-0.00728786,0.00470148,-1.55012,0.121113,,-0.0641128,negative,0.0641128
E_mean_turnout,outcome_mean_participation_citizen_18plus,Block 4,block4_provincial_party_count_5pct,584,0.0208649,-1204.07,0.74474,0,-1511.05,-306.976,-0.0182904,0.00837223,-2.18465,0.0289143,*,-0.0850647,negative,0.0850647
E_mean_turnout,outcome_mean_participation_citizen_18plus,Block 4,block4_provincial_vote_fragmentation,584,0.00204288,-1192.96,0.747096,0,-1507.89,-314.933,-0.105695,0.084037,-1.25772,0.208493,,-0.0607539,negative,0.0607539
E_mean_turnout,outcome_mean_participation_citizen_18plus,Block 4,block4_federal_party_count_5pct,583,0.0407296,-1212.96,0.74984,0,-1502.61,-289.651,-0.00246396,0.00970863,-0.253791,0.799657,,-0.0137524,negative,0.0137524
E_mean_turnout,outcome_mean_participation_citizen_18plus,Block 4,block4_federal_vote_fragmentation,583,0.00150031,-1189.59,0.749203,0,-1505.32,-315.729,-0.252053,0.151164,-1.66742,0.0954305,.,-0.0909652,negative,0.0909652
E_mean_turnout,outcome_mean_participation_citizen_18plus,Block 5,block5_tts_no_car_household_share,585,0.0286412,-1211.81,0.746627,0,-1509.81,-298.001,0.00842617,0.0248017,0.339742,0.734051,,0.0163712,positive,0.0163712
E_mean_turnout,outcome_mean_participation_citizen_18plus,Block 5,block5_tts_transit_trip_share,585,-0.00170928,-1193.81,0.748652,0,-1511.92,-318.11,-0.0628496,0.0421028,-1.49277,0.135499,,-0.0529577,negative,0.0529577
E_mean_turnout,outcome_mean_participation_citizen_18plus,Block 5,block5_tts_overlap_area_m2,585,0.00866706,-1199.9,0.750466,0,-1511.23,-311.331,2.16521e-09,1.74231e-09,1.24272,0.213969,,0.0369346,positive,0.0369346
E_mean_turnout,outcome_mean_participation_citizen_18plus,Block 5,block5_library_nearest_m,585,0.0171604,-1204.93,0.755009,0,-1512.45,-307.519,1.0224e-05,6.09419e-06,1.67766,0.093414,.,0.0630996,positive,0.0630996
E_mean_turnout,outcome_mean_participation_citizen_18plus,Block 5,block5_library_count_1200m,585,0.058688,-1230.19,0.757513,0,-1511.11,-280.92,-0.005461,0.00444661,-1.22813,0.219399,,-0.055396,negative,0.055396
E_mean_turnout,outcome_mean_participation_citizen_18plus,Block 5,block5_community_centre_nearest_m,585,0.0022767,-1196.14,0.747725,0,-1515.69,-319.549,1.68065e-05,6.84631e-06,2.45483,0.0140951,*,0.0781617,positive,0.0781617
E_mean_turnout,outcome_mean_participation_citizen_18plus,Block 5,block5_community_centre_count_1200m,585,-0.000100746,-1194.75,0.747372,0,-1509.94,-315.189,-0.0010931,0.00221745,-0.492954,0.622045,,-0.0191754,negative,0.0191754
E_mean_turnout,outcome_mean_participation_citizen_18plus,Block 5,block5_park_nearest_m,585,0.00262897,-1196.35,0.748239,0,-1509.72,-313.372,-3.17527e-06,2.02435e-05,-0.156854,0.87536,,-0.00446765,negative,0.00446765
E_mean_turnout,outcome_mean_participation_citizen_18plus,Block 5,block5_park_count_1200m,585,0.00999449,-1200.68,0.749624,0,-1509.89,-309.206,-0.000173556,0.000390199,-0.444789,0.656472,,-0.0225164,negative,0.0225164
E_mean_turnout,outcome_mean_participation_citizen_18plus,Block 5,block5_shelter_nearest_m,585,0.0195123,-1206.33,0.756159,0,-1510.42,-304.086,3.60073e-06,4.03903e-06,0.891483,0.37267,,0.07144,positive,0.07144
E_mean_turnout,outcome_mean_participation_citizen_18plus,Block 5,block5_shelter_count_1200m,585,0.00500837,-1197.74,0.748284,0,-1509.71,-311.962,-0.000325352,0.00294047,-0.110646,0.911897,,-0.00739476,negative,0.00739476
E_mean_turnout,outcome_mean_participation_citizen_18plus,Block 5,block5_ksi_collision_events_2021_2025,585,0.000824498,-1195.29,0.748131,0,-1509.72,-314.426,0.000133958,0.000919443,0.145694,0.884163,,0.00433199,positive,0.00433199
E_mean_turnout,outcome_mean_participation_citizen_18plus,Block 5,block5_development_applications_2021_2025,585,0.0126509,-1202.26,0.747949,0,-1509.69,-307.439,1.5265e-06,0.000133931,0.0113977,0.990906,,0.000383824,positive,0.000383824
E_mean_turnout,outcome_mean_participation_citizen_18plus,Block 5,block5_requests_311_2023_2025_estimated_count,585,0.0265696,-1210.56,0.742648,0,-1514.38,-303.816,2.59034e-06,1.19104e-06,2.17485,0.0296414,*,0.0642584,positive,0.0642584
E_mean_turnout,outcome_mean_participation_citizen_18plus,Block 2,block2_structural_type_total_dwellings,585,0.00523938,-1197.88,0.747278,0,-1510.13,-312.253,1.83725e-06,2.77257e-06,0.662653,0.507553,,0.0223901,positive,0.0223901
E_mean_turnout,outcome_mean_participation_citizen_18plus,Block 2,block2_apartment_duplex_count,585,0.0269612,-1210.8,0.745831,0,-1517.06,-306.263,-9.51252e-05,3.49307e-05,-2.72326,0.00646421,**,-0.0945739,negative,0.0945739
E_mean_turnout,outcome_mean_participation_citizen_18plus,Block 2,block2_apartment_lt5_storeys_count,585,0.0738227,-1239.67,0.754336,0,-1510.36,-270.693,-8.69672e-06,1.0319e-05,-0.842786,0.399348,,-0.0315741,negative,0.0315741
E_mean_turnout,outcome_mean_participation_citizen_18plus,Block 2,block2_apartment_5plus_storeys_count,585,-0.000462483,-1194.54,0.751728,0,-1513.51,-318.974,5.28205e-06,2.6944e-06,1.96038,0.0499512,*,0.0738558,positive,0.0738558
E_mean_turnout,outcome_mean_participation_citizen_18plus,Block 2,block2_apartment_total_count,585,0.00754195,-1199.24,0.747795,0,-1512.01,-312.774,4.08261e-06,2.68002e-06,1.52335,0.127671,,0.0561964,positive,0.0561964
E_mean_turnout,outcome_mean_participation_citizen_18plus,Block 2,block2_condo_status_total_dwellings,585,0.0051372,-1197.82,0.747311,0,-1510.05,-312.229,1.66482e-06,2.79113e-06,0.59647,0.550861,,0.0201663,positive,0.0201663
E_mean_turnout,outcome_mean_participation_citizen_18plus,Block 2,block2_condominium_dwellings_count,585,0.00337532,-1196.79,0.757747,0,-1523.66,-326.88,1.15517e-05,3.06139e-06,3.77336,0.000161061,***,0.139227,positive,0.139227
E_mean_turnout,outcome_mean_participation_citizen_18plus,Block 2,block2_apartments_per_km2,585,0.0114327,-1201.53,0.747904,0,-1514.28,-312.747,1.38899e-06,6.47333e-07,2.1457,0.0318966,*,0.0878768,positive,0.0878768
E_mean_turnout,outcome_mean_participation_citizen_18plus,Block 2,block2_condos_per_km2,585,0.00338131,-1196.79,0.754241,0,-1519.37,-322.579,2.62985e-06,8.40319e-07,3.12959,0.00175052,**,0.123322,positive,0.123322
