variable,component_1,component_2,component_3,component_4,component_5,component_6,component_7,component_8,max_abs_loading
block5_ksi_collision_events_2021_2025_per_1000,-0.03387899499079729,-0.06283367217731471,-0.1145044379290036,-0.3809952675414315,0.6332137678947842,0.3673497646567843,-0.5375197825088874,0.04790152583315078,0.6332137678947842
block1_age_65_plus_share,-0.014038042601866252,0.14517760112770534,-0.21094894811191595,-0.6296721853483643,0.09429651113575367,-0.3581003154046707,0.40141509765925465,0.178223216107951,0.6296721853483643
block4_mayoral_top_two_margin,-0.3283400859383518,-0.07583801954914703,0.16672469607996265,0.19440871858345632,0.2910210341860739,-0.5543691517492757,-0.2118135691033055,-0.16392393481931927,0.5543691517492757
block1_bachelors_or_higher_25_64_share,-0.33801418419871043,-0.06957943383320248,-0.3282431371469023,0.18303855093147467,-0.12569950954846815,0.010805884121837746,-0.05788489391659841,0.5127265520254294,0.5127265520254294
block5_social_housing_share,0.11861333364837277,-0.10941053382325616,0.498204476895808,-0.33460914991654506,-0.3173224088207892,-0.13720011110520583,-0.2766900796331833,0.25177042398972566,0.498204476895808
block4_provincial_margin,-0.2048848987742428,0.008169572786472836,0.38079133006686106,0.09087733349722427,0.4126176536484507,0.16575707460808817,0.488043114326543,0.42085052920048494,0.488043114326543
block1_low_income_lim_at_share,0.1364427325804735,-0.4343587522486814,0.19693435973352427,-0.19831111723118716,-0.02383704706946038,-0.23402753453736616,-0.08569868762955633,0.24633495107244918,0.4343587522486814
block4_effective_mayoral_candidates_5pct,0.43008358546075076,0.056939153021644345,0.018960006304594736,-0.09047375752725215,-0.15286827816565574,0.3659517667615481,0.09821936662934823,0.04674187828183046,0.43008358546075076
block5_no_car_household_share,-0.2036798169502852,-0.4026251150865459,0.16340027006330615,-0.040330436135029984,-0.1573132576733188,0.09491814193189194,0.008290429917634758,-0.29988320495896026,0.4026251150865459
block3_visible_minority_share,0.40178816428449626,-0.17359532555753368,0.09370917621978557,-0.004315517343721383,0.25832557020813934,-0.175413921497719,0.15658678937084033,-0.1925962698695097,0.40178816428449626
block4_federal_margin,-0.2599907516309827,-0.1442796872487474,0.4007951557505988,-0.015948841247590276,0.032429221256515026,0.347387680430709,0.22805085554902327,-0.1763456415931919,0.4007951557505988
block3_non_citizen_share,0.27709681385453827,-0.3964918047110858,-0.1512547031418672,0.21428977108223018,0.14994611814110895,-0.08641930397239025,0.09173997385638466,0.05792329628571847,0.3964918047110858
block3_recent_immigrant_share,0.2461200311561072,-0.3894163445428966,-0.15780702156545973,0.2715027912933016,0.1064840358088001,0.03460653065664848,0.026787501536151167,0.25178292903613,0.3894163445428966
block5_school_age_5_17_share,0.16466784485290703,0.33552724163129916,0.3182212737898133,0.2641961423413832,-0.017392457224421603,-0.03984436706688278,-0.2862651985196812,0.35800998745649387,0.35800998745649387
block1_average_household_size,0.2863062888661596,0.35489064841664286,0.17126761712069352,0.16730183665085196,0.26098798271506,-0.15387121399145753,0.04807348183527484,-0.1406100354055519,0.35489064841664286
