model_id,ct_id,observed,spatial_residual,spatial_filtered_residual
E_mean_turnout__updated_trimmed,5350001.00,0.522386,-0.0599315,-0.0585339
E_mean_turnout__updated_trimmed,5350002.00,0.726515,0.085438,0.0696875
E_mean_turnout__updated_trimmed,5350003.00,0.814117,0.0159856,0.0107116
E_mean_turnout__updated_trimmed,5350004.00,0.500438,-0.0516031,-0.0620518
E_mean_turnout__updated_trimmed,5350005.00,0.508339,-0.0437842,-0.0273056
E_mean_turnout__updated_trimmed,5350006.00,0.521123,-0.031391,-0.0262218
E_mean_turnout__updated_trimmed,5350007.01,0.555531,-0.00984995,0.00110761
E_mean_turnout__updated_trimmed,5350007.02,0.524209,0.0110334,0.0213947
E_mean_turnout__updated_trimmed,5350008.01,0.527306,-0.0355507,-0.0108834
E_mean_turnout__updated_trimmed,5350008.02,0.529196,-0.0255194,-0.00554366
E_mean_turnout__updated_trimmed,5350009.00,0.30411,-0.228269,-0.153756
E_mean_turnout__updated_trimmed,5350010.01,0.476073,-0.141986,-0.105775
E_mean_turnout__updated_trimmed,5350010.02,0.538974,-0.0632513,-0.0435546
E_mean_turnout__updated_trimmed,5350011.01,0.504677,-0.0661874,-0.0485169
E_mean_turnout__updated_trimmed,5350011.02,0.488602,-0.0515709,-0.0308852
E_mean_turnout__updated_trimmed,5350011.03,0.502885,-0.0291438,0.0139971
E_mean_turnout__updated_trimmed,5350012.01,0.489286,-0.0428294,-0.0102881
E_mean_turnout__updated_trimmed,5350012.03,0.429688,-0.111399,-0.0892558
E_mean_turnout__updated_trimmed,5350012.04,0.506237,-0.0777895,-0.0653784
E_mean_turnout__updated_trimmed,5350013.01,0.601673,0.0296177,0.0624282
E_mean_turnout__updated_trimmed,5350013.02,0.61605,0.0300128,0.0435966
E_mean_turnout__updated_trimmed,5350014.00,0.434838,-0.139041,-0.126734
E_mean_turnout__updated_trimmed,5350015.00,0.541313,-0.0577339,-0.0415387
E_mean_turnout__updated_trimmed,5350016.00,0.565101,-0.0264076,-0.0180722
E_mean_turnout__updated_trimmed,5350017.01,0.599865,0.0051723,0.0227366
E_mean_turnout__updated_trimmed,5350017.02,0.499348,-0.0552872,-0.0532574
E_mean_turnout__updated_trimmed,5350018.00,0.595905,0.0077502,0.0177089
E_mean_turnout__updated_trimmed,5350019.00,0.585833,0.0117895,0.0212423
E_mean_turnout__updated_trimmed,5350020.00,0.621448,-0.00467156,0.00637031
E_mean_turnout__updated_trimmed,5350021.00,0.58086,-0.0304333,-0.0233012
E_mean_turnout__updated_trimmed,5350022.00,0.649436,0.0482191,0.0488718
E_mean_turnout__updated_trimmed,5350023.00,0.572166,-0.0372032,-0.0526577
E_mean_turnout__updated_trimmed,5350024.00,0.600699,-0.00260311,-0.0123018
E_mean_turnout__updated_trimmed,5350025.00,0.67677,0.0975131,0.0860928
E_mean_turnout__updated_trimmed,5350026.00,0.567826,-0.00558643,-0.0148693
E_mean_turnout__updated_trimmed,5350027.00,0.590501,0.0282885,0.0289841
E_mean_turnout__updated_trimmed,5350028.01,0.566246,-0.0484379,-0.0514555
E_mean_turnout__updated_trimmed,5350028.02,0.564806,-0.0434981,-0.0464899
E_mean_turnout__updated_trimmed,5350029.00,0.590718,0.046958,0.0535164
E_mean_turnout__updated_trimmed,5350030.00,0.490344,-0.0374561,-0.0308095
E_mean_turnout__updated_trimmed,5350031.00,0.545707,0.0226995,0.0314621
E_mean_turnout__updated_trimmed,5350032.00,0.475699,-0.0542527,-0.0403501
E_mean_turnout__updated_trimmed,5350033.00,0.446736,-0.0727378,-0.0585349
E_mean_turnout__updated_trimmed,5350034.01,0.542821,-0.0317526,-0.0159614
E_mean_turnout__updated_trimmed,5350034.02,0.521264,-0.00923253,0.0151222
E_mean_turnout__updated_trimmed,5350035.00,0.566659,0.0570677,0.0657934
E_mean_turnout__updated_trimmed,5350036.00,0.540786,-0.0152247,-0.00427073
E_mean_turnout__updated_trimmed,5350037.00,0.527228,0.0234547,-0.00101714
E_mean_turnout__updated_trimmed,5350038.00,0.503346,-0.0223465,-0.0477714
E_mean_turnout__updated_trimmed,5350039.00,0.558363,0.0525135,0.0644906
E_mean_turnout__updated_trimmed,5350040.00,0.526484,-0.00846511,0.00563091
E_mean_turnout__updated_trimmed,5350041.00,0.580193,0.0210109,0.0140733
E_mean_turnout__updated_trimmed,5350042.00,0.591283,0.0151153,0.0149597
E_mean_turnout__updated_trimmed,5350043.00,0.501463,-0.0829,-0.0664298
E_mean_turnout__updated_trimmed,5350044.01,0.532925,-0.0542057,-0.0353682
E_mean_turnout__updated_trimmed,5350044.02,0.578954,-0.0185164,0.00883948
E_mean_turnout__updated_trimmed,5350045.00,0.533868,-0.0326422,-0.0222141
E_mean_turnout__updated_trimmed,5350046.00,0.539564,-0.0281117,-0.0322808
E_mean_turnout__updated_trimmed,5350047.02,0.601339,0.0456642,0.0588019
E_mean_turnout__updated_trimmed,5350047.03,0.655577,0.0220026,0.0124014
E_mean_turnout__updated_trimmed,5350047.04,0.576961,-0.0275885,-0.0384556
E_mean_turnout__updated_trimmed,5350048.00,0.650872,0.0529617,0.034746
E_mean_turnout__updated_trimmed,5350049.00,0.733388,0.131736,0.117886
E_mean_turnout__updated_trimmed,5350050.01,0.639493,0.00803988,0.0119292
E_mean_turnout__updated_trimmed,5350050.03,0.593945,-0.0213862,-0.044757
E_mean_turnout__updated_trimmed,5350050.04,0.52531,-0.0533609,-0.0564895
E_mean_turnout__updated_trimmed,5350051.00,0.742145,0.135996,0.104707
E_mean_turnout__updated_trimmed,5350052.00,0.708128,0.0990037,0.0846874
E_mean_turnout__updated_trimmed,5350053.00,0.543961,-0.0321573,-0.0434227
E_mean_turnout__updated_trimmed,5350054.00,0.608359,0.0324711,0.0350455
E_mean_turnout__updated_trimmed,5350055.00,0.604471,0.010693,0.00133456
E_mean_turnout__updated_trimmed,5350056.00,0.606343,0.0421321,0.0233449
E_mean_turnout__updated_trimmed,5350057.00,0.631909,0.0692197,0.050869
E_mean_turnout__updated_trimmed,5350058.00,0.648931,0.0658123,0.0544328
E_mean_turnout__updated_trimmed,5350059.00,0.610225,0.0438951,0.0180683
E_mean_turnout__updated_trimmed,5350060.00,0.544519,-0.0172398,-0.046201
E_mean_turnout__updated_trimmed,5350061.00,0.717361,0.204583,0.209423
E_mean_turnout__updated_trimmed,5350062.01,0.601311,0.0309821,0.0604755
E_mean_turnout__updated_trimmed,5350062.03,0.520336,0.00593152,0.00063684
E_mean_turnout__updated_trimmed,5350062.04,0.498803,-0.0640269,-0.0618229
E_mean_turnout__updated_trimmed,5350063.03,0.538816,-0.0855743,-0.0647741
E_mean_turnout__updated_trimmed,5350063.04,0.531946,-0.0284604,0.00199909
E_mean_turnout__updated_trimmed,5350063.05,0.502875,-0.0649379,-0.0389414
E_mean_turnout__updated_trimmed,5350063.06,0.498721,-0.0832273,-0.0692301
E_mean_turnout__updated_trimmed,5350064.00,0.560337,-0.011636,0.0203307
E_mean_turnout__updated_trimmed,5350065.01,0.449464,-0.0753868,-0.0571219
E_mean_turnout__updated_trimmed,5350065.02,0.502194,-0.0563784,-0.0291187
E_mean_turnout__updated_trimmed,5350066.00,0.587424,-0.0285005,-0.00594605
E_mean_turnout__updated_trimmed,5350067.00,0.635301,0.00279424,0.0112538
E_mean_turnout__updated_trimmed,5350068.00,0.636337,0.0193188,0.0100775
E_mean_turnout__updated_trimmed,5350069.00,0.597629,-0.00201345,-0.0113332
E_mean_turnout__updated_trimmed,5350070.00,0.677483,0.0504604,0.0552073
E_mean_turnout__updated_trimmed,5350071.00,0.620682,0.0228878,0.0100389
E_mean_turnout__updated_trimmed,5350072.01,0.589471,0.0426376,0.0371992
E_mean_turnout__updated_trimmed,5350072.02,0.589843,0.0143977,-0.00700585
E_mean_turnout__updated_trimmed,5350073.00,0.545901,-0.00442861,-0.016427
E_mean_turnout__updated_trimmed,5350074.00,0.601702,0.0350964,0.00990454
E_mean_turnout__updated_trimmed,5350075.00,0.68179,0.0894868,0.0635055
E_mean_turnout__updated_trimmed,5350076.00,0.710459,0.126504,0.0955729
E_mean_turnout__updated_trimmed,5350077.00,0.624468,0.037853,0.00586353
E_mean_turnout__updated_trimmed,5350078.00,0.640053,0.0440474,0.0225476
E_mean_turnout__updated_trimmed,5350079.00,0.672999,0.0880134,0.0866823
E_mean_turnout__updated_trimmed,5350080.01,0.623113,0.0396337,0.012907
E_mean_turnout__updated_trimmed,5350080.02,0.497028,-0.0219657,-0.0338426
E_mean_turnout__updated_trimmed,5350081.00,0.677418,0.104723,0.0712097
E_mean_turnout__updated_trimmed,5350082.00,0.643018,0.0617411,0.0278908
E_mean_turnout__updated_trimmed,5350083.00,0.620735,0.0201754,0.00356348
E_mean_turnout__updated_trimmed,5350084.00,0.619278,0.0111588,0.000957017
E_mean_turnout__updated_trimmed,5350085.00,0.625589,0.0160911,0.0235522
E_mean_turnout__updated_trimmed,5350086.00,0.536401,-0.0709507,-0.0501214
E_mean_turnout__updated_trimmed,5350087.00,0.559576,-0.105189,-0.095386
E_mean_turnout__updated_trimmed,5350088.00,0.622923,-0.00991393,0.0225309
E_mean_turnout__updated_trimmed,5350089.00,0.502346,-0.121027,-0.124131
E_mean_turnout__updated_trimmed,5350090.00,0.572115,-0.0648263,-0.0409281
E_mean_turnout__updated_trimmed,5350091.01,0.538032,-0.0604106,-0.0650469
E_mean_turnout__updated_trimmed,5350091.02,0.572026,-0.0269238,-0.0147686
E_mean_turnout__updated_trimmed,5350092.00,0.58949,0.00768242,-0.0118476
E_mean_turnout__updated_trimmed,5350093.00,0.655425,0.0555186,0.034043
E_mean_turnout__updated_trimmed,5350094.00,0.59802,0.046971,0.0186323
E_mean_turnout__updated_trimmed,5350095.00,0.596176,0.021774,0.00571222
E_mean_turnout__updated_trimmed,5350096.01,0.596164,0.0418647,0.0330199
E_mean_turnout__updated_trimmed,5350096.02,0.565115,-0.000992867,-0.0105099
E_mean_turnout__updated_trimmed,5350097.01,0.515586,-0.0161285,-0.0203569
E_mean_turnout__updated_trimmed,5350097.03,0.54346,-0.00821903,-0.0154423
E_mean_turnout__updated_trimmed,5350097.04,0.526953,-0.0277295,-0.0213408
E_mean_turnout__updated_trimmed,5350098.00,0.645467,0.0686944,0.0653436
E_mean_turnout__updated_trimmed,5350099.00,0.614431,0.0264414,0.0161246
E_mean_turnout__updated_trimmed,5350100.00,0.664826,0.0407101,0.0492955
E_mean_turnout__updated_trimmed,5350101.00,0.5548,-0.0335967,-0.0223506
E_mean_turnout__updated_trimmed,5350102.02,0.676211,0.073312,0.0904967
E_mean_turnout__updated_trimmed,5350102.03,0.672772,0.0623195,0.0614999
E_mean_turnout__updated_trimmed,5350102.04,0.538838,-0.0623385,-0.0581098
E_mean_turnout__updated_trimmed,5350102.05,0.461439,-0.142655,-0.152001
E_mean_turnout__updated_trimmed,5350103.00,0.629413,0.000331866,0.00294323
E_mean_turnout__updated_trimmed,5350104.00,0.634098,0.0368608,0.0283345
E_mean_turnout__updated_trimmed,5350105.00,0.620409,0.0256775,0.0196418
E_mean_turnout__updated_trimmed,5350106.00,0.437513,-0.0381743,-0.0413598
E_mean_turnout__updated_trimmed,5350107.00,0.52961,0.0166479,0.0435735
E_mean_turnout__updated_trimmed,5350108.00,0.540438,0.0211329,0.0240712
E_mean_turnout__updated_trimmed,5350109.00,0.509499,-0.0351427,-0.0522508
E_mean_turnout__updated_trimmed,5350110.00,0.53599,-0.0380845,-0.0366218
E_mean_turnout__updated_trimmed,5350111.00,0.490417,-0.0512226,-0.0525461
E_mean_turnout__updated_trimmed,5350112.00,0.52917,-0.0149228,-0.0164873
E_mean_turnout__updated_trimmed,5350113.00,0.612523,0.0467838,0.0351504
E_mean_turnout__updated_trimmed,5350114.00,0.662123,0.0713073,0.0358842
E_mean_turnout__updated_trimmed,5350115.00,0.646213,0.106851,0.0863012
E_mean_turnout__updated_trimmed,5350116.00,0.659117,0.0718098,0.047395
E_mean_turnout__updated_trimmed,5350117.00,0.590254,0.00116026,-6.89001e-05
E_mean_turnout__updated_trimmed,5350118.00,0.609275,0.00716585,-0.0116811
E_mean_turnout__updated_trimmed,5350119.00,0.566774,-0.0322737,-0.0370011
E_mean_turnout__updated_trimmed,5350120.00,0.62259,0.000584599,0.016832
E_mean_turnout__updated_trimmed,5350121.00,0.675983,0.0318574,0.0425261
E_mean_turnout__updated_trimmed,5350122.00,0.595055,-0.0277928,-0.0272839
E_mean_turnout__updated_trimmed,5350123.00,0.576518,0.0148242,0.00654393
E_mean_turnout__updated_trimmed,5350124.00,0.604626,-0.0218355,-0.014696
E_mean_turnout__updated_trimmed,5350125.00,0.625966,0.00698716,0.0136136
E_mean_turnout__updated_trimmed,5350126.00,0.647974,0.0631478,0.0523684
E_mean_turnout__updated_trimmed,5350127.00,0.659717,0.091603,0.0685571
E_mean_turnout__updated_trimmed,5350128.02,0.631216,0.0714473,0.0516357
E_mean_turnout__updated_trimmed,5350128.04,0.669742,0.0405389,0.0278027
E_mean_turnout__updated_trimmed,5350128.05,0.628101,0.0466434,0.0208968
E_mean_turnout__updated_trimmed,5350128.06,0.623035,0.0318856,0.00558819
E_mean_turnout__updated_trimmed,5350129.00,0.553783,-0.0127813,-0.0289394
E_mean_turnout__updated_trimmed,5350130.00,0.584249,0.0143904,0.0227765
E_mean_turnout__updated_trimmed,5350131.00,0.581644,-0.0211437,-0.0340265
E_mean_turnout__updated_trimmed,5350132.00,0.563709,-0.0253004,-0.0453693
E_mean_turnout__updated_trimmed,5350133.00,0.583521,0.0140925,0.0117932
E_mean_turnout__updated_trimmed,5350134.00,0.610529,0.0259792,0.0178151
E_mean_turnout__updated_trimmed,5350135.00,0.583281,0.0232826,0.0171105
E_mean_turnout__updated_trimmed,5350136.01,0.517042,-0.0577938,-0.0710268
E_mean_turnout__updated_trimmed,5350136.02,0.593033,0.0306226,0.0185961
E_mean_turnout__updated_trimmed,5350137.00,0.595994,0.0217419,0.0110223
E_mean_turnout__updated_trimmed,5350138.00,0.565942,-0.0252085,-0.025472
E_mean_turnout__updated_trimmed,5350139.01,0.589194,-0.0224365,-0.0223936
E_mean_turnout__updated_trimmed,5350139.02,0.633593,0.0566182,0.0573535
E_mean_turnout__updated_trimmed,5350140.00,0.546509,-0.031766,-0.037501
E_mean_turnout__updated_trimmed,5350141.01,0.618077,0.0361676,0.0409538
E_mean_turnout__updated_trimmed,5350141.02,0.616829,0.0293079,0.0290286
E_mean_turnout__updated_trimmed,5350142.00,0.602642,0.0105962,0.0177108
E_mean_turnout__updated_trimmed,5350150.00,0.63597,0.038114,0.0243849
E_mean_turnout__updated_trimmed,5350151.00,0.607606,0.0831174,0.0701719
E_mean_turnout__updated_trimmed,5350152.00,0.669267,0.078679,0.063766
E_mean_turnout__updated_trimmed,5350153.00,0.508061,0.0249062,0.0228133
E_mean_turnout__updated_trimmed,5350154.00,0.593894,0.020301,0.0115956
E_mean_turnout__updated_trimmed,5350155.00,0.389848,-0.098925,-0.0804244
E_mean_turnout__updated_trimmed,5350156.01,0.42258,-0.0427605,-0.0260707
E_mean_turnout__updated_trimmed,5350156.02,0.419598,-0.0889116,-0.0612605
E_mean_turnout__updated_trimmed,5350157.00,0.431785,-0.0163832,0.0068479
E_mean_turnout__updated_trimmed,5350158.00,0.419461,-0.0832266,-0.0570347
E_mean_turnout__updated_trimmed,5350159.01,0.445695,-0.0607369,-0.0400039
E_mean_turnout__updated_trimmed,5350159.02,0.448568,-0.0612199,-0.0682735
E_mean_turnout__updated_trimmed,5350160.00,0.55627,0.032723,0.0365265
E_mean_turnout__updated_trimmed,5350161.00,0.504546,-0.00236448,-0.0156762
E_mean_turnout__updated_trimmed,5350162.00,0.528227,0.0239879,-0.00225617
E_mean_turnout__updated_trimmed,5350163.00,0.611379,0.0597931,0.0410014
E_mean_turnout__updated_trimmed,5350164.00,0.6388,0.0900554,0.060521
E_mean_turnout__updated_trimmed,5350165.00,0.602768,0.0297026,-0.0115753
E_mean_turnout__updated_trimmed,5350166.00,0.656691,0.0620609,0.0556193
E_mean_turnout__updated_trimmed,5350167.01,0.689493,0.0574192,0.0461878
E_mean_turnout__updated_trimmed,5350167.02,0.615646,0.0814496,0.0608839
E_mean_turnout__updated_trimmed,5350168.00,0.593644,0.0809239,0.0577656
E_mean_turnout__updated_trimmed,5350169.01,0.530464,0.0252202,0.00763842
E_mean_turnout__updated_trimmed,5350169.02,0.624003,0.0773454,0.0518816
E_mean_turnout__updated_trimmed,5350170.00,0.521255,0.0464219,0.0305387
E_mean_turnout__updated_trimmed,5350171.00,0.515404,0.0321471,0.0407577
E_mean_turnout__updated_trimmed,5350172.00,0.380632,-0.101883,-0.0850628
E_mean_turnout__updated_trimmed,5350173.00,0.391824,-0.059525,-0.0451659
E_mean_turnout__updated_trimmed,5350174.00,0.459143,-0.0114804,-0.0168145
E_mean_turnout__updated_trimmed,5350175.01,0.476043,0.0134936,0.0118027
E_mean_turnout__updated_trimmed,5350175.02,0.439977,-0.0208097,-0.0302767
E_mean_turnout__updated_trimmed,5350176.00,0.488538,-0.0306688,-0.0291366
E_mean_turnout__updated_trimmed,5350180.00,0.521178,0.00828093,-0.0138886
E_mean_turnout__updated_trimmed,5350181.01,0.599102,0.033421,0.0140022
E_mean_turnout__updated_trimmed,5350181.02,0.593586,0.0538708,0.0200435
E_mean_turnout__updated_trimmed,5350182.00,0.607785,0.0374749,0.00901538
E_mean_turnout__updated_trimmed,5350183.01,0.608951,0.0572665,0.043967
E_mean_turnout__updated_trimmed,5350183.02,0.633233,0.0587532,0.0326919
E_mean_turnout__updated_trimmed,5350184.01,0.590723,0.0165803,0.00852309
E_mean_turnout__updated_trimmed,5350184.02,0.524173,-0.039417,-0.0512051
E_mean_turnout__updated_trimmed,5350185.01,0.540585,-0.0327546,-0.0382369
E_mean_turnout__updated_trimmed,5350185.02,0.556595,-0.0117725,-0.00491846
E_mean_turnout__updated_trimmed,5350186.00,0.579206,-0.020869,-0.0112441
E_mean_turnout__updated_trimmed,5350187.00,0.601413,0.032289,0.00330434
E_mean_turnout__updated_trimmed,5350188.00,0.611635,0.0463731,0.00770448
E_mean_turnout__updated_trimmed,5350189.00,0.575155,0.064959,0.0264652
E_mean_turnout__updated_trimmed,5350190.01,0.5614,0.0511128,0.0345357
E_mean_turnout__updated_trimmed,5350190.02,0.544472,0.0448863,0.0199365
E_mean_turnout__updated_trimmed,5350191.00,0.60045,0.0821398,0.0569147
E_mean_turnout__updated_trimmed,5350192.00,0.610469,0.103899,0.0552899
E_mean_turnout__updated_trimmed,5350193.00,0.660219,0.196241,0.162531
E_mean_turnout__updated_trimmed,5350194.01,0.471296,0.0720951,0.0549137
E_mean_turnout__updated_trimmed,5350194.02,0.508656,0.0557662,0.0238042
E_mean_turnout__updated_trimmed,5350194.03,0.421331,-0.0600906,-0.0844949
E_mean_turnout__updated_trimmed,5350194.04,0.538927,0.0116473,0.0045017
E_mean_turnout__updated_trimmed,5350195.01,0.646728,0.0832211,0.0933803
E_mean_turnout__updated_trimmed,5350195.02,0.596292,0.00298468,-0.00377196
E_mean_turnout__updated_trimmed,5350196.01,0.697192,0.0962979,0.0840369
E_mean_turnout__updated_trimmed,5350196.02,0.586786,-0.0224999,-0.0478495
E_mean_turnout__updated_trimmed,5350200.01,0.598422,0.0216051,0.0192352
E_mean_turnout__updated_trimmed,5350200.02,0.53794,-0.0105915,0.00723749
E_mean_turnout__updated_trimmed,5350201.00,0.521123,-0.0482463,-0.0492248
E_mean_turnout__updated_trimmed,5350202.00,0.502299,-0.0687914,-0.051421
E_mean_turnout__updated_trimmed,5350203.00,0.508801,-0.0404609,-0.031146
E_mean_turnout__updated_trimmed,5350204.00,0.566454,0.000427081,0.0242813
E_mean_turnout__updated_trimmed,5350205.00,0.521123,-0.113207,-0.103484
E_mean_turnout__updated_trimmed,5350206.01,0.507239,-0.0678129,-0.0651511
E_mean_turnout__updated_trimmed,5350206.02,0.492956,-0.0463854,-0.0208752
E_mean_turnout__updated_trimmed,5350207.00,0.476848,-0.0343698,-0.0143035
E_mean_turnout__updated_trimmed,5350208.00,0.514261,0.00621955,0.0229147
E_mean_turnout__updated_trimmed,5350209.00,0.555037,0.0343891,0.0420663
E_mean_turnout__updated_trimmed,5350210.01,0.472992,-0.0376546,-0.0467809
E_mean_turnout__updated_trimmed,5350210.03,0.603474,0.0469973,0.0466582
E_mean_turnout__updated_trimmed,5350210.04,0.639666,0.0299039,0.0251359
E_mean_turnout__updated_trimmed,5350211.00,0.568503,0.0209497,0.00911232
E_mean_turnout__updated_trimmed,5350212.00,0.587956,0.0362413,0.0202944
E_mean_turnout__updated_trimmed,5350213.01,0.572452,0.0315936,-0.00324978
E_mean_turnout__updated_trimmed,5350213.02,0.712982,0.138024,0.138041
E_mean_turnout__updated_trimmed,5350214.00,0.519758,-0.048142,-0.0545038
E_mean_turnout__updated_trimmed,5350215.00,0.539157,-0.0188544,-0.00768034
E_mean_turnout__updated_trimmed,5350216.00,0.52074,-0.0714963,-0.0550792
E_mean_turnout__updated_trimmed,5350217.00,0.507057,-0.0395609,-0.0251622
E_mean_turnout__updated_trimmed,5350218.00,0.592529,-0.0188706,0.000658698
E_mean_turnout__updated_trimmed,5350219.00,0.518786,-0.046929,-0.0415233
E_mean_turnout__updated_trimmed,5350220.00,0.515858,-0.0336242,-0.0434418
E_mean_turnout__updated_trimmed,5350221.01,0.565219,-0.0517651,-0.0410616
E_mean_turnout__updated_trimmed,5350221.02,0.476423,-0.0308154,-0.0390264
E_mean_turnout__updated_trimmed,5350222.01,0.564729,0.0193868,0.00682486
E_mean_turnout__updated_trimmed,5350222.02,0.546946,0.0277102,0.0143766
E_mean_turnout__updated_trimmed,5350223.01,0.594513,0.0102945,-0.000118818
E_mean_turnout__updated_trimmed,5350223.02,0.591722,0.0417728,0.0244849
E_mean_turnout__updated_trimmed,5350224.00,0.603847,0.01807,0.0176165
E_mean_turnout__updated_trimmed,5350225.01,0.561617,-0.0293551,-0.0299859
E_mean_turnout__updated_trimmed,5350225.02,0.613195,0.0675044,0.0892704
E_mean_turnout__updated_trimmed,5350226.00,0.595063,-0.014085,-0.0138416
E_mean_turnout__updated_trimmed,5350227.00,0.588389,-0.0425599,-0.0273557
E_mean_turnout__updated_trimmed,5350228.00,0.572139,-0.0758918,-0.0850371
E_mean_turnout__updated_trimmed,5350229.00,0.639117,0.0354845,0.0409515
E_mean_turnout__updated_trimmed,5350230.01,0.685936,0.0618987,0.0526949
E_mean_turnout__updated_trimmed,5350230.02,0.528054,-0.0201074,-0.044619
E_mean_turnout__updated_trimmed,5350231.00,0.604796,0.018551,0.00511088
E_mean_turnout__updated_trimmed,5350232.00,0.584331,0.00470989,-0.0119278
E_mean_turnout__updated_trimmed,5350233.00,0.572939,0.0150702,-0.00432099
E_mean_turnout__updated_trimmed,5350234.00,0.590252,0.0613766,0.0368381
E_mean_turnout__updated_trimmed,5350235.01,0.662964,0.145748,0.13419
E_mean_turnout__updated_trimmed,5350235.02,0.626213,0.0796345,0.0539588
E_mean_turnout__updated_trimmed,5350236.01,0.546135,0.00653969,-0.00750247
E_mean_turnout__updated_trimmed,5350236.02,0.556813,0.00325236,-0.00250108
E_mean_turnout__updated_trimmed,5350237.01,0.509271,0.0494235,0.0331112
E_mean_turnout__updated_trimmed,5350237.02,0.590785,0.0886054,0.0838618
E_mean_turnout__updated_trimmed,5350237.03,0.568394,0.0396464,0.019088
E_mean_turnout__updated_trimmed,5350238.01,0.650352,0.0843704,0.0730109
E_mean_turnout__updated_trimmed,5350238.02,0.468036,-0.0293354,-0.0412308
E_mean_turnout__updated_trimmed,5350239.00,0.46742,-3.16595e-06,0.00638137
E_mean_turnout__updated_trimmed,5350240.01,0.611627,0.0359203,0.0303222
E_mean_turnout__updated_trimmed,5350240.02,0.605158,0.0242316,0.010564
E_mean_turnout__updated_trimmed,5350241.00,0.547667,0.00292116,-0.010962
E_mean_turnout__updated_trimmed,5350242.00,0.554449,0.0929341,0.0883127
E_mean_turnout__updated_trimmed,5350243.01,0.425896,-0.0405691,-0.0418765
E_mean_turnout__updated_trimmed,5350243.02,0.404649,-0.0493018,-0.0489862
E_mean_turnout__updated_trimmed,5350244.01,0.466906,0.0112312,0.0330721
E_mean_turnout__updated_trimmed,5350244.02,0.341656,-0.064315,-0.052112
E_mean_turnout__updated_trimmed,5350245.00,0.412525,-0.0494555,-0.0366984
E_mean_turnout__updated_trimmed,5350246.00,0.493994,0.0144157,0.0289599
E_mean_turnout__updated_trimmed,5350247.01,0.365562,-0.0835623,-0.0848768
E_mean_turnout__updated_trimmed,5350247.02,0.454003,0.000686116,0.0166123
E_mean_turnout__updated_trimmed,5350248.02,0.336887,-0.0290057,-0.0281899
E_mean_turnout__updated_trimmed,5350248.03,0.371329,-0.0116151,0.00676378
E_mean_turnout__updated_trimmed,5350248.04,0.323603,-0.0756032,-0.0636247
E_mean_turnout__updated_trimmed,5350248.05,0.404201,0.00319057,0.0240878
E_mean_turnout__updated_trimmed,5350249.01,0.405534,-0.0129075,0.00983391
E_mean_turnout__updated_trimmed,5350249.03,0.382249,0.00825322,0.024544
E_mean_turnout__updated_trimmed,5350249.04,0.33287,-0.0682825,-0.0616256
E_mean_turnout__updated_trimmed,5350249.05,0.346019,-0.0334004,-0.0239232
E_mean_turnout__updated_trimmed,5350250.01,0.418821,0.00758735,0.0131809
E_mean_turnout__updated_trimmed,5350250.02,0.425512,-0.0317821,-0.0287636
E_mean_turnout__updated_trimmed,5350250.04,0.354038,-0.069973,-0.0609139
E_mean_turnout__updated_trimmed,5350250.05,0.399499,-0.0152906,-0.0096331
E_mean_turnout__updated_trimmed,5350260.01,0.597606,0.0846273,0.0728892
E_mean_turnout__updated_trimmed,5350260.04,0.402573,-0.0458595,-0.0394892
E_mean_turnout__updated_trimmed,5350260.05,0.352641,-0.0561099,-0.04815
E_mean_turnout__updated_trimmed,5350260.06,0.383318,-0.0649335,-0.0828064
E_mean_turnout__updated_trimmed,5350260.07,0.521922,-0.0345051,-0.0450054
E_mean_turnout__updated_trimmed,5350261.00,0.526372,0.0351582,0.0132733
E_mean_turnout__updated_trimmed,5350262.01,0.470818,-0.048773,-0.0511012
E_mean_turnout__updated_trimmed,5350262.02,0.412008,-0.0740123,-0.0728268
E_mean_turnout__updated_trimmed,5350263.02,0.638762,0.048165,0.064391
E_mean_turnout__updated_trimmed,5350263.03,0.541318,0.00998593,-0.00061363
E_mean_turnout__updated_trimmed,5350263.04,0.795971,0.205343,0.221305
E_mean_turnout__updated_trimmed,5350264.00,0.389041,-0.169281,-0.162509
E_mean_turnout__updated_trimmed,5350265.00,0.56584,-0.0572489,-0.055408
E_mean_turnout__updated_trimmed,5350266.00,0.515558,-0.0419234,-0.0182033
E_mean_turnout__updated_trimmed,5350267.00,0.495741,-0.0339916,-0.0107589
E_mean_turnout__updated_trimmed,5350268.00,0.530659,-0.0530811,-0.0575339
E_mean_turnout__updated_trimmed,5350269.01,0.458768,-0.00588935,-0.016461
E_mean_turnout__updated_trimmed,5350269.02,0.521346,-0.000440319,0.00993312
E_mean_turnout__updated_trimmed,5350270.01,0.477325,-0.0133969,-0.00964898
E_mean_turnout__updated_trimmed,5350270.02,0.448026,-0.031532,-0.0323167
E_mean_turnout__updated_trimmed,5350271.01,0.4475,-0.0669388,-0.0572736
E_mean_turnout__updated_trimmed,5350271.02,0.495522,0.0129938,0.0266148
E_mean_turnout__updated_trimmed,5350272.01,0.433893,-0.0247781,-0.018447
E_mean_turnout__updated_trimmed,5350272.02,0.46187,-0.0486415,-0.0521704
E_mean_turnout__updated_trimmed,5350273.01,0.553976,0.0389519,0.0501664
E_mean_turnout__updated_trimmed,5350273.02,0.456418,-0.0861056,-0.0632099
E_mean_turnout__updated_trimmed,5350274.01,0.503288,-0.00244297,0.0346624
E_mean_turnout__updated_trimmed,5350274.02,0.535821,-0.0422235,-0.0248642
E_mean_turnout__updated_trimmed,5350275.00,0.615366,0.0103217,0.0215663
E_mean_turnout__updated_trimmed,5350276.01,0.566755,-0.0394117,-0.0544236
E_mean_turnout__updated_trimmed,5350276.02,0.578758,-0.0150128,-0.0307164
E_mean_turnout__updated_trimmed,5350277.00,0.532866,-0.031967,-0.0359329
E_mean_turnout__updated_trimmed,5350278.00,0.610202,0.0427974,0.0186382
E_mean_turnout__updated_trimmed,5350279.01,0.61024,0.0943189,0.0558251
E_mean_turnout__updated_trimmed,5350279.02,0.589497,0.101948,0.082557
E_mean_turnout__updated_trimmed,5350280.00,0.421445,-0.0721069,-0.082692
E_mean_turnout__updated_trimmed,5350281.01,0.418686,-0.0200334,-0.0126292
E_mean_turnout__updated_trimmed,5350281.02,0.476599,0.039124,0.0633475
E_mean_turnout__updated_trimmed,5350282.00,0.535935,0.0295609,0.0405673
E_mean_turnout__updated_trimmed,5350283.01,0.459149,0.00939016,0.0187954
E_mean_turnout__updated_trimmed,5350283.02,0.440293,-0.02912,-0.0254446
E_mean_turnout__updated_trimmed,5350284.00,0.479439,-0.0261413,-0.00192629
E_mean_turnout__updated_trimmed,5350285.00,0.466317,-0.0462884,-0.0412809
E_mean_turnout__updated_trimmed,5350286.00,0.583165,0.126812,0.112765
E_mean_turnout__updated_trimmed,5350287.02,0.669389,0.163016,0.143394
E_mean_turnout__updated_trimmed,5350287.03,0.579658,0.143428,0.0921179
E_mean_turnout__updated_trimmed,5350287.04,0.653259,0.0619145,0.0301896
E_mean_turnout__updated_trimmed,5350288.00,0.558281,0.0173038,0.017097
E_mean_turnout__updated_trimmed,5350289.00,0.431996,-0.0585784,-0.0542893
E_mean_turnout__updated_trimmed,5350290.01,0.452185,-0.0111052,0.00591393
E_mean_turnout__updated_trimmed,5350290.02,0.406658,-0.127622,-0.124365
E_mean_turnout__updated_trimmed,5350291.02,0.459673,-0.0248408,-0.0143453
E_mean_turnout__updated_trimmed,5350291.03,0.410666,-0.078997,-0.074186
E_mean_turnout__updated_trimmed,5350291.04,0.463621,-0.0219333,0.00405084
E_mean_turnout__updated_trimmed,5350292.00,0.402693,-0.0130566,-0.00926371
E_mean_turnout__updated_trimmed,5350293.00,0.396652,-0.0742498,-0.0675062
E_mean_turnout__updated_trimmed,5350294.01,0.487396,0.0335721,0.0370061
E_mean_turnout__updated_trimmed,5350294.02,0.526958,0.107644,0.114082
E_mean_turnout__updated_trimmed,5350295.00,0.433419,-0.0234674,-0.0309342
E_mean_turnout__updated_trimmed,5350296.00,0.494727,0.00269041,0.00443535
E_mean_turnout__updated_trimmed,5350297.01,0.521043,-0.0203531,-0.0148506
E_mean_turnout__updated_trimmed,5350297.02,0.528832,-0.0320476,-0.0276312
E_mean_turnout__updated_trimmed,5350298.00,0.536844,-0.0333037,-0.0383314
E_mean_turnout__updated_trimmed,5350299.01,0.495352,-0.0317667,-0.0194462
E_mean_turnout__updated_trimmed,5350299.02,0.668821,0.0878601,0.106577
E_mean_turnout__updated_trimmed,5350300.01,0.464293,-0.075419,-0.0488786
E_mean_turnout__updated_trimmed,5350300.02,0.57659,0.00933424,0.0388361
E_mean_turnout__updated_trimmed,5350300.03,0.399968,-0.141993,-0.124578
E_mean_turnout__updated_trimmed,5350301.01,0.554607,0.0452744,0.0434325
E_mean_turnout__updated_trimmed,5350301.03,0.499083,0.0191073,0.0181246
E_mean_turnout__updated_trimmed,5350301.04,0.48626,0.0133101,0.0137857
E_mean_turnout__updated_trimmed,5350302.01,0.466906,-0.0535637,-0.0569671
E_mean_turnout__updated_trimmed,5350302.02,0.454637,-0.00839248,-0.0107907
E_mean_turnout__updated_trimmed,5350302.03,0.482582,0.031591,0.0272878
E_mean_turnout__updated_trimmed,5350303.00,0.448877,0.0114715,0.0142903
E_mean_turnout__updated_trimmed,5350304.01,0.430126,-0.0143893,-0.00542189
E_mean_turnout__updated_trimmed,5350304.02,0.515585,-0.0442006,-0.044686
E_mean_turnout__updated_trimmed,5350304.03,0.470443,-0.00328415,-0.00372475
E_mean_turnout__updated_trimmed,5350304.04,0.42023,-0.0625656,-0.0643776
E_mean_turnout__updated_trimmed,5350304.05,0.590059,0.0366126,0.0392831
E_mean_turnout__updated_trimmed,5350304.06,0.495606,-0.0267556,-0.024248
E_mean_turnout__updated_trimmed,5350305.01,0.464715,-0.0491396,-0.0395901
E_mean_turnout__updated_trimmed,5350305.03,0.497127,-0.050234,-0.0317142
E_mean_turnout__updated_trimmed,5350305.05,0.520542,-0.0523597,-0.0420278
E_mean_turnout__updated_trimmed,5350305.06,0.593204,0.117334,0.125264
E_mean_turnout__updated_trimmed,5350306.01,0.383734,-0.0803996,-0.0555021
E_mean_turnout__updated_trimmed,5350306.02,0.467933,-0.0502898,-0.0110965
E_mean_turnout__updated_trimmed,5350307.03,0.509052,-0.0805203,-0.0648584
E_mean_turnout__updated_trimmed,5350307.04,0.574439,-0.014466,0.025753
E_mean_turnout__updated_trimmed,5350307.05,0.480923,-0.0809158,-0.0682069
E_mean_turnout__updated_trimmed,5350307.06,0.590852,-0.00109169,0.0400888
E_mean_turnout__updated_trimmed,5350307.07,0.427835,-0.073974,-0.0469788
E_mean_turnout__updated_trimmed,5350308.02,0.441611,-0.0709031,-0.0426138
E_mean_turnout__updated_trimmed,5350308.03,0.401556,-0.116719,-0.0742101
E_mean_turnout__updated_trimmed,5350308.05,0.397989,-0.094979,-0.0652507
E_mean_turnout__updated_trimmed,5350308.06,0.543597,-0.0325105,-0.00802267
E_mean_turnout__updated_trimmed,5350308.07,0.504879,-0.0395625,-0.0326301
E_mean_turnout__updated_trimmed,5350309.00,0.537468,0.0584262,0.0900115
E_mean_turnout__updated_trimmed,5350310.01,0.458255,-0.0870053,-0.0735871
E_mean_turnout__updated_trimmed,5350310.02,0.435626,-0.0728791,-0.0652381
E_mean_turnout__updated_trimmed,5350311.02,0.40146,-0.0172822,-0.0320063
E_mean_turnout__updated_trimmed,5350311.03,0.430156,0.00805556,0.0159807
E_mean_turnout__updated_trimmed,5350311.04,0.438349,0.00047071,-0.00990481
E_mean_turnout__updated_trimmed,5350311.05,0.415681,-0.00830316,-0.0201122
E_mean_turnout__updated_trimmed,5350311.06,0.537244,0.112005,0.123588
E_mean_turnout__updated_trimmed,5350312.02,0.371372,-0.0289224,-0.0230914
E_mean_turnout__updated_trimmed,5350312.03,0.369149,-0.0402697,-0.0357773
E_mean_turnout__updated_trimmed,5350312.04,0.36516,-0.0298785,-0.0213274
E_mean_turnout__updated_trimmed,5350312.05,0.377767,0.00625328,0.0198275
E_mean_turnout__updated_trimmed,5350312.06,0.344531,-0.0405613,-0.0431057
E_mean_turnout__updated_trimmed,5350312.07,0.436515,-0.00255735,-0.00458822
E_mean_turnout__updated_trimmed,5350313.00,0.394599,-0.0405177,-0.0282847
E_mean_turnout__updated_trimmed,5350314.01,0.424842,0.028477,0.0325393
E_mean_turnout__updated_trimmed,5350314.02,0.454217,0.0437691,0.048339
E_mean_turnout__updated_trimmed,5350315.01,0.459044,-0.0235885,-0.0190724
E_mean_turnout__updated_trimmed,5350315.02,0.445524,0.0319248,0.0359288
E_mean_turnout__updated_trimmed,5350315.03,0.404102,-0.0264735,-0.0240673
E_mean_turnout__updated_trimmed,5350316.01,0.382549,-0.0318915,-0.0181964
E_mean_turnout__updated_trimmed,5350316.03,0.391224,0.00665882,0.0107058
E_mean_turnout__updated_trimmed,5350316.04,0.356611,-0.0610311,-0.0770281
E_mean_turnout__updated_trimmed,5350316.05,0.359581,-0.0222226,-0.0145495
E_mean_turnout__updated_trimmed,5350316.06,0.345734,-0.0272163,-0.0276841
E_mean_turnout__updated_trimmed,5350317.02,0.537371,-0.000659573,0.026297
E_mean_turnout__updated_trimmed,5350317.03,0.456066,-0.0483477,-0.0257969
E_mean_turnout__updated_trimmed,5350317.04,0.458181,-0.055374,-0.0308626
E_mean_turnout__updated_trimmed,5350317.05,0.470203,-0.0612709,-0.0346062
E_mean_turnout__updated_trimmed,5350318.01,0.388755,-0.0771245,-0.0493824
E_mean_turnout__updated_trimmed,5350318.02,0.423571,-0.0484239,-0.0200482
E_mean_turnout__updated_trimmed,5350319.00,0.395574,-0.0807726,-0.0644435
E_mean_turnout__updated_trimmed,5350320.01,0.470033,-0.0503769,-0.0280724
E_mean_turnout__updated_trimmed,5350320.02,0.495858,0.00142257,0.0229525
E_mean_turnout__updated_trimmed,5350321.01,0.479291,0.0080729,0.0103957
E_mean_turnout__updated_trimmed,5350321.02,0.4483,-0.0427609,-0.0332921
E_mean_turnout__updated_trimmed,5350322.01,0.570435,0.0305714,0.0590026
E_mean_turnout__updated_trimmed,5350322.02,0.471281,-0.0198741,0.0006252
E_mean_turnout__updated_trimmed,5350323.01,0.489208,-0.0439349,-0.0299925
E_mean_turnout__updated_trimmed,5350323.02,0.57501,0.0280602,0.038404
E_mean_turnout__updated_trimmed,5350324.01,0.487606,0.00470908,0.0138677
E_mean_turnout__updated_trimmed,5350324.02,0.436326,-0.041345,-0.0449963
E_mean_turnout__updated_trimmed,5350324.03,0.59727,0.0121998,0.00844742
E_mean_turnout__updated_trimmed,5350324.05,0.525753,-0.00283896,-0.0177781
E_mean_turnout__updated_trimmed,5350324.06,0.61553,0.114952,0.112496
E_mean_turnout__updated_trimmed,5350330.00,0.50127,-0.0368419,-0.0518327
E_mean_turnout__updated_trimmed,5350331.01,0.587862,0.0419869,0.0456575
E_mean_turnout__updated_trimmed,5350331.03,0.414859,0.00563174,0.00528596
E_mean_turnout__updated_trimmed,5350331.04,0.512409,-0.0276077,-0.0377632
E_mean_turnout__updated_trimmed,5350332.00,0.470093,0.0104354,0.00462701
E_mean_turnout__updated_trimmed,5350333.00,0.510533,0.0336938,0.0220264
E_mean_turnout__updated_trimmed,5350334.00,0.562919,0.0113353,-0.00401495
E_mean_turnout__updated_trimmed,5350335.00,0.491098,0.00976345,-0.00137876
E_mean_turnout__updated_trimmed,5350336.00,0.52279,0.0410025,0.0414458
E_mean_turnout__updated_trimmed,5350337.01,0.506233,-0.00906574,-0.0326721
E_mean_turnout__updated_trimmed,5350337.02,0.600997,0.0826092,0.0887018
E_mean_turnout__updated_trimmed,5350338.00,0.472066,-0.0897106,-0.0987155
E_mean_turnout__updated_trimmed,5350339.00,0.574881,-0.0253514,-0.0222463
E_mean_turnout__updated_trimmed,5350340.00,0.440426,-0.0348647,-0.0692052
E_mean_turnout__updated_trimmed,5350341.02,0.479119,-0.0296244,-0.0362288
E_mean_turnout__updated_trimmed,5350341.03,0.513889,0.0746784,0.064669
E_mean_turnout__updated_trimmed,5350341.04,0.473347,0.0195208,0.00910461
E_mean_turnout__updated_trimmed,5350342.00,0.452608,0.0144906,-0.00311045
E_mean_turnout__updated_trimmed,5350343.00,0.460634,0.0059589,-0.00772853
E_mean_turnout__updated_trimmed,5350344.01,0.438343,-0.00412,-0.00746223
E_mean_turnout__updated_trimmed,5350344.02,0.540725,0.0108313,0.00959784
E_mean_turnout__updated_trimmed,5350345.00,0.472852,0.00882058,0.000376261
E_mean_turnout__updated_trimmed,5350346.01,0.480579,0.0331085,0.0270464
E_mean_turnout__updated_trimmed,5350346.02,0.484163,0.0287484,0.0241937
E_mean_turnout__updated_trimmed,5350347.00,0.502972,0.0493039,0.0324434
E_mean_turnout__updated_trimmed,5350348.00,0.595802,0.0743637,0.0609566
E_mean_turnout__updated_trimmed,5350349.00,0.438968,-0.0177642,-0.0153486
E_mean_turnout__updated_trimmed,5350350.00,0.54026,0.0562193,0.0510709
E_mean_turnout__updated_trimmed,5350351.01,0.436112,-0.030544,-0.0399781
E_mean_turnout__updated_trimmed,5350351.02,0.394209,-0.0646924,-0.0754742
E_mean_turnout__updated_trimmed,5350352.00,0.47131,0.00517325,0.00674508
E_mean_turnout__updated_trimmed,5350353.02,0.448457,0.0154519,0.0127733
E_mean_turnout__updated_trimmed,5350353.03,0.567005,0.0959967,0.103364
E_mean_turnout__updated_trimmed,5350353.04,0.401381,-0.049941,-0.0626157
E_mean_turnout__updated_trimmed,5350354.00,0.422433,-0.0204612,-0.0276484
E_mean_turnout__updated_trimmed,5350355.02,0.478,0.0149226,0.00506024
E_mean_turnout__updated_trimmed,5350355.04,0.524965,0.0582393,0.0604365
E_mean_turnout__updated_trimmed,5350355.05,0.437866,-0.0448084,-0.0442728
E_mean_turnout__updated_trimmed,5350355.06,0.413231,0.0111807,0.0101453
E_mean_turnout__updated_trimmed,5350356.00,0.474975,0.0286991,0.0247045
E_mean_turnout__updated_trimmed,5350357.01,0.41056,-0.0162696,-0.0263756
E_mean_turnout__updated_trimmed,5350357.02,0.404064,-0.00525057,-0.0166415
E_mean_turnout__updated_trimmed,5350358.01,0.437107,0.0137675,0.00862756
E_mean_turnout__updated_trimmed,5350358.02,0.443085,-0.0146804,-0.0233706
E_mean_turnout__updated_trimmed,5350358.03,0.451181,0.0176111,0.0118697
E_mean_turnout__updated_trimmed,5350359.00,0.432054,-0.00603652,-0.023664
E_mean_turnout__updated_trimmed,5350360.00,0.490193,0.040895,0.0328823
E_mean_turnout__updated_trimmed,5350361.01,0.548944,0.0335259,0.00659628
E_mean_turnout__updated_trimmed,5350361.02,0.541758,0.037757,0.00711037
E_mean_turnout__updated_trimmed,5350362.01,0.487999,0.0459074,0.00599167
E_mean_turnout__updated_trimmed,5350362.02,0.530708,0.104571,0.0782957
E_mean_turnout__updated_trimmed,5350362.03,0.505489,0.0793873,0.0530862
E_mean_turnout__updated_trimmed,5350362.04,0.509552,0.0537619,0.00823774
E_mean_turnout__updated_trimmed,5350363.02,0.473119,0.0283269,0.0253746
E_mean_turnout__updated_trimmed,5350363.04,0.455226,0.0543857,0.0287607
E_mean_turnout__updated_trimmed,5350363.05,0.473928,0.0473367,0.00930497
E_mean_turnout__updated_trimmed,5350363.06,0.540775,0.0344934,0.0315043
E_mean_turnout__updated_trimmed,5350363.07,0.406162,-0.00947998,-0.0208701
E_mean_turnout__updated_trimmed,5350364.01,0.507193,0.0836373,0.0724427
E_mean_turnout__updated_trimmed,5350364.02,0.472935,0.0327725,0.0227452
E_mean_turnout__updated_trimmed,5350365.00,0.415886,0.0143108,0.00471579
E_mean_turnout__updated_trimmed,5350366.00,0.448291,0.01665,0.00677662
E_mean_turnout__updated_trimmed,5350367.01,0.406938,0.0155095,0.00687628
E_mean_turnout__updated_trimmed,5350367.02,0.474856,0.0262793,0.019391
E_mean_turnout__updated_trimmed,5350368.01,0.500661,-0.0227721,-0.0290427
E_mean_turnout__updated_trimmed,5350368.02,0.504257,0.0443536,0.0386778
E_mean_turnout__updated_trimmed,5350369.00,0.456686,0.0260672,0.0262953
E_mean_turnout__updated_trimmed,5350370.01,0.505811,0.0417074,0.0451662
E_mean_turnout__updated_trimmed,5350370.02,0.46019,0.00433558,-0.000702503
E_mean_turnout__updated_trimmed,5350370.03,0.419222,-0.0225615,-0.0301042
E_mean_turnout__updated_trimmed,5350371.00,0.462043,-0.0082373,-0.00642987
E_mean_turnout__updated_trimmed,5350372.00,0.441285,-0.0197871,-0.0284982
E_mean_turnout__updated_trimmed,5350373.00,0.468347,0.0080481,0.0141929
E_mean_turnout__updated_trimmed,5350374.01,0.519251,0.0500955,0.0546796
E_mean_turnout__updated_trimmed,5350374.02,0.470142,0.0164909,0.0113727
E_mean_turnout__updated_trimmed,5350374.03,0.453429,-0.0257794,-0.0176356
E_mean_turnout__updated_trimmed,5350375.01,0.471372,-0.0340583,-0.0403795
E_mean_turnout__updated_trimmed,5350375.02,0.583105,0.082197,0.0881491
E_mean_turnout__updated_trimmed,5350375.03,0.403102,-0.0431106,-0.0429553
E_mean_turnout__updated_trimmed,5350375.04,0.433649,-0.0147855,-0.009664
E_mean_turnout__updated_trimmed,5350375.05,0.449057,-0.0426831,-0.0466128
E_mean_turnout__updated_trimmed,5350376.01,0.423082,0.00958222,0.00933599
E_mean_turnout__updated_trimmed,5350376.02,0.423407,-0.0328774,-0.0583257
E_mean_turnout__updated_trimmed,5350376.04,0.461707,-0.0283753,-0.0368068
E_mean_turnout__updated_trimmed,5350376.05,0.445591,-0.00067695,-0.0227672
E_mean_turnout__updated_trimmed,5350376.06,0.979253,0.237391,0.235197
E_mean_turnout__updated_trimmed,5350376.08,0.509655,0.0263219,0.0312733
E_mean_turnout__updated_trimmed,5350376.09,0.490415,-0.0110964,-0.0140606
E_mean_turnout__updated_trimmed,5350376.11,0.447607,0.0346373,0.041696
E_mean_turnout__updated_trimmed,5350376.12,0.501237,0.00121583,0.00315178
E_mean_turnout__updated_trimmed,5350376.13,0.544351,0.0331201,0.0405404
E_mean_turnout__updated_trimmed,5350376.14,0.376671,-0.0534887,-0.0620017
E_mean_turnout__updated_trimmed,5350376.15,0.473392,-0.0787188,-0.0642018
E_mean_turnout__updated_trimmed,5350376.16,0.512982,0.000937777,0.0225884
E_mean_turnout__updated_trimmed,5350377.02,0.412383,-0.0335336,-0.0234809
E_mean_turnout__updated_trimmed,5350377.03,0.45762,0.017165,0.00711153
E_mean_turnout__updated_trimmed,5350377.04,0.476462,0.0498449,0.0321614
E_mean_turnout__updated_trimmed,5350377.06,0.431509,0.0300402,-0.00899646
E_mean_turnout__updated_trimmed,5350377.07,0.482744,0.0512956,0.0194423
E_mean_turnout__updated_trimmed,5350377.08,0.374855,-0.0909358,-0.0997645
E_mean_turnout__updated_trimmed,5350377.09,0.46484,-0.0254792,-0.0183475
E_mean_turnout__updated_trimmed,5350378.02,0.407789,-0.0131226,-0.00605583
E_mean_turnout__updated_trimmed,5350378.03,0.406181,-0.028029,-0.0413399
E_mean_turnout__updated_trimmed,5350378.04,0.387437,-0.0318793,-0.0277145
E_mean_turnout__updated_trimmed,5350378.05,0.385977,-0.0123849,-0.0287766
E_mean_turnout__updated_trimmed,5350378.06,0.404967,-0.00526436,-0.0180976
E_mean_turnout__updated_trimmed,5350378.07,0.471631,-0.00089651,0.00923042
E_mean_turnout__updated_trimmed,5350378.08,0.463102,0.0207372,0.0184029
E_mean_turnout__updated_trimmed,5350378.11,0.41987,0.00625271,0.00842032
E_mean_turnout__updated_trimmed,5350378.12,0.456233,0.0228061,0.0217446
E_mean_turnout__updated_trimmed,5350378.14,0.472884,0.0380522,0.0299684
E_mean_turnout__updated_trimmed,5350378.16,0.464579,0.0217146,0.00423695
E_mean_turnout__updated_trimmed,5350378.17,0.399784,0.0225601,0.000651656
E_mean_turnout__updated_trimmed,5350378.18,0.512216,-0.0360153,-0.0502358
E_mean_turnout__updated_trimmed,5350378.19,0.428367,0.0130257,0.00405839
E_mean_turnout__updated_trimmed,5350378.20,0.548928,-0.000515138,0.00133951
E_mean_turnout__updated_trimmed,5350378.21,0.487118,0.0687815,0.0625693
E_mean_turnout__updated_trimmed,5350378.22,0.353517,-0.0599281,-0.0769973
E_mean_turnout__updated_trimmed,5350378.23,0.389039,-0.0858757,-0.0902382
E_mean_turnout__updated_trimmed,5350378.24,0.488968,-0.0117435,-0.0160851
E_mean_turnout__updated_trimmed,5350378.25,0.513046,0.139681,0.128073
E_mean_turnout__updated_trimmed,5350378.26,0.430222,0.0555056,0.000178586
E_mean_turnout__updated_trimmed,5350378.27,0.518794,0.117122,0.0962533
E_mean_turnout__updated_trimmed,5350378.28,0.446152,0.0594762,0.0287479
E_mean_turnout__updated_trimmed,5350802.01,0.556857,0.0670881,0.0356598
E_mean_turnout__updated_trimmed,5350802.02,0.556608,0.0387617,0.00355432
